"node","x","y","layer","MLDS","MLWS","R10mm","R20mm","Rx1day","Rx5day","R95p","R99p","Rtotal","SDII","maxDT","minDT","maxNT","minNT","DTR","SU","TR","CFD","WSDI","CSDI","T10p","T90p","best3","rules"
4,29.15337438,-2.00578359,1,5,32,16,8,140.04,477.33,525.36,140.04,1065.46,13.6498734177215,26.63,19.04,17.43,14.67,7,0,0,0,5,3,15.34,25.181,"Seka, Kirundo, Ndamira","DTR <= 8 & DTR <= 7 & MLWS <= 32"
4,29.07004104,-2.08911693,1,5,32,16,8,140.04,477.33,525.36,140.04,1065.46,13.6498734177215,26.63,19.04,17.43,14.67,7,0,0,0,5,3,15.34,25.181,"Seka, Kirundo, Ndamira","DTR <= 8 & DTR <= 7 & MLWS <= 32"
4,29.07004104,-2.00578359,1,5,32,16,8,140.04,477.33,525.36,140.04,1065.46,13.6498734177215,26.63,19.04,17.43,14.67,7,0,0,0,5,3,15.34,25.181,"Seka, Kirundo, Ndamira","DTR <= 8 & DTR <= 7 & MLWS <= 32"
4,29.23670772,-2.00578359,1,5,32,16,8,140.04,477.33,525.36,140.04,1065.46,13.6498734177215,26.63,19.04,17.43,14.67,7,0,0,0,5,3,15.34,25.181,"Seka, Kirundo, Ndamira","DTR <= 8 & DTR <= 7 & MLWS <= 32"
4,29.32004106,-2.00578359,1,5,32,16,8,140.04,477.33,525.36,140.04,1065.46,13.6498734177215,26.63,19.04,17.43,14.67,7,0,0,0,5,3,15.34,25.181,"Seka, Kirundo, Ndamira","DTR <= 8 & DTR <= 7 & MLWS <= 32"
4,29.4033744,-2.00578359,1,5,32,16,8,140.04,477.33,525.36,140.04,1065.46,13.6498734177215,26.63,19.04,17.43,14.67,7,0,0,0,5,3,15.34,25.181,"Seka, Kirundo, Ndamira","DTR <= 8 & DTR <= 7 & MLWS <= 32"
4,29.32004106,-2.08911693,1,5,32,16,8,140.04,477.33,525.36,140.04,1065.46,13.6498734177215,26.63,19.04,17.43,14.67,7,0,0,0,5,3,15.34,25.181,"Seka, Kirundo, Ndamira","DTR <= 8 & DTR <= 7 & MLWS <= 32"
4,29.07004104,-2.25578361,1,5,32,16,8,140.04,477.33,525.36,140.04,1065.46,13.6498734177215,26.63,19.04,17.43,14.67,7,0,0,0,5,3,15.34,25.181,"Seka, Kirundo, Ndamira","DTR <= 8 & DTR <= 7 & MLWS <= 32"
4,29.15337438,-2.25578361,1,5,32,16,8,140.04,477.33,525.36,140.04,1065.46,13.6498734177215,26.63,19.04,17.43,14.67,7,0,0,0,5,3,15.34,25.181,"Seka, Kirundo, Ndamira","DTR <= 8 & DTR <= 7 & MLWS <= 32"
4,29.48670774,-2.33911695,1,5,32,16,8,140.04,477.33,525.36,140.04,1065.46,13.6498734177215,26.63,19.04,17.43,14.67,7,0,0,0,5,3,15.34,25.181,"Seka, Kirundo, Ndamira","DTR <= 8 & DTR <= 7 & MLWS <= 32"
4,29.32004106,-2.25578361,1,5,32,16,8,140.04,477.33,525.36,140.04,1065.46,13.6498734177215,26.63,19.04,17.43,14.67,7,0,0,0,5,3,15.34,25.181,"Seka, Kirundo, Ndamira","DTR <= 8 & DTR <= 7 & MLWS <= 32"
4,29.4033744,-2.25578361,1,5,32,16,8,140.04,477.33,525.36,140.04,1065.46,13.6498734177215,26.63,19.04,17.43,14.67,7,0,0,0,5,3,15.34,25.181,"Seka, Kirundo, Ndamira","DTR <= 8 & DTR <= 7 & MLWS <= 32"
4,29.48670774,-2.25578361,1,5,32,16,8,140.04,477.33,525.36,140.04,1065.46,13.6498734177215,26.63,19.04,17.43,14.67,7,0,0,0,5,3,15.34,25.181,"Seka, Kirundo, Ndamira","DTR <= 8 & DTR <= 7 & MLWS <= 32"
4,29.15337438,-2.08911693,1,5,32,16,8,140.04,477.33,525.36,140.04,1065.46,13.6498734177215,26.63,19.04,17.43,14.67,7,0,0,0,5,3,15.34,25.181,"Seka, Kirundo, Ndamira","DTR <= 8 & DTR <= 7 & MLWS <= 32"
4,29.23670772,-2.08911693,1,5,32,16,8,140.04,477.33,525.36,140.04,1065.46,13.6498734177215,26.63,19.04,17.43,14.67,7,0,0,0,5,3,15.34,25.181,"Seka, Kirundo, Ndamira","DTR <= 8 & DTR <= 7 & MLWS <= 32"
4,29.07004104,-2.42245029,1,5,32,16,8,140.04,477.33,525.36,140.04,1065.46,13.6498734177215,26.63,19.04,17.43,14.67,7,0,0,0,5,3,15.34,25.181,"Seka, Kirundo, Ndamira","DTR <= 8 & DTR <= 7 & MLWS <= 32"
4,29.4033744,-2.08911693,1,5,32,16,8,140.04,477.33,525.36,140.04,1065.46,13.6498734177215,26.63,19.04,17.43,14.67,7,0,0,0,5,3,15.34,25.181,"Seka, Kirundo, Ndamira","DTR <= 8 & DTR <= 7 & MLWS <= 32"
4,29.48670774,-2.08911693,1,5,32,16,8,140.04,477.33,525.36,140.04,1065.46,13.6498734177215,26.63,19.04,17.43,14.67,7,0,0,0,5,3,15.34,25.181,"Seka, Kirundo, Ndamira","DTR <= 8 & DTR <= 7 & MLWS <= 32"
4,29.32004106,-2.42245029,1,5,32,16,8,140.04,477.33,525.36,140.04,1065.46,13.6498734177215,26.63,19.04,17.43,14.67,7,0,0,0,5,3,15.34,25.181,"Seka, Kirundo, Ndamira","DTR <= 8 & DTR <= 7 & MLWS <= 32"
4,29.4033744,-2.42245029,1,5,32,16,8,140.04,477.33,525.36,140.04,1065.46,13.6498734177215,26.63,19.04,17.43,14.67,7,0,0,0,5,3,15.34,25.181,"Seka, Kirundo, Ndamira","DTR <= 8 & DTR <= 7 & MLWS <= 32"
4,29.48670774,-2.42245029,1,5,32,16,8,140.04,477.33,525.36,140.04,1065.46,13.6498734177215,26.63,19.04,17.43,14.67,7,0,0,0,5,3,15.34,25.181,"Seka, Kirundo, Ndamira","DTR <= 8 & DTR <= 7 & MLWS <= 32"
4,29.48670774,-2.00578359,1,5,32,16,8,140.04,477.33,525.36,140.04,1065.46,13.6498734177215,26.63,19.04,17.43,14.67,7,0,0,0,5,3,15.34,25.181,"Seka, Kirundo, Ndamira","DTR <= 8 & DTR <= 7 & MLWS <= 32"
4,29.23670772,-2.25578361,1,5,32,16,8,140.04,477.33,525.36,140.04,1065.46,13.6498734177215,26.63,19.04,17.43,14.67,7,0,0,0,5,3,15.34,25.181,"Seka, Kirundo, Ndamira","DTR <= 8 & DTR <= 7 & MLWS <= 32"
4,29.07004104,-2.17245027,1,5,32,16,8,140.04,477.33,525.36,140.04,1065.46,13.6498734177215,26.63,19.04,17.43,14.67,7,0,0,0,5,3,15.34,25.181,"Seka, Kirundo, Ndamira","DTR <= 8 & DTR <= 7 & MLWS <= 32"
4,29.15337438,-2.17245027,1,5,32,16,8,140.04,477.33,525.36,140.04,1065.46,13.6498734177215,26.63,19.04,17.43,14.67,7,0,0,0,5,3,15.34,25.181,"Seka, Kirundo, Ndamira","DTR <= 8 & DTR <= 7 & MLWS <= 32"
4,29.23670772,-2.17245027,1,5,32,16,8,140.04,477.33,525.36,140.04,1065.46,13.6498734177215,26.63,19.04,17.43,14.67,7,0,0,0,5,3,15.34,25.181,"Seka, Kirundo, Ndamira","DTR <= 8 & DTR <= 7 & MLWS <= 32"
4,29.32004106,-2.17245027,1,5,32,16,8,140.04,477.33,525.36,140.04,1065.46,13.6498734177215,26.63,19.04,17.43,14.67,7,0,0,0,5,3,15.34,25.181,"Seka, Kirundo, Ndamira","DTR <= 8 & DTR <= 7 & MLWS <= 32"
4,29.4033744,-2.17245027,1,5,32,16,8,140.04,477.33,525.36,140.04,1065.46,13.6498734177215,26.63,19.04,17.43,14.67,7,0,0,0,5,3,15.34,25.181,"Seka, Kirundo, Ndamira","DTR <= 8 & DTR <= 7 & MLWS <= 32"
4,29.48670774,-2.17245027,1,5,32,16,8,140.04,477.33,525.36,140.04,1065.46,13.6498734177215,26.63,19.04,17.43,14.67,7,0,0,0,5,3,15.34,25.181,"Seka, Kirundo, Ndamira","DTR <= 8 & DTR <= 7 & MLWS <= 32"
4,29.15337438,-2.42245029,1,5,32,16,8,140.04,477.33,525.36,140.04,1065.46,13.6498734177215,26.63,19.04,17.43,14.67,7,0,0,0,5,3,15.34,25.181,"Seka, Kirundo, Ndamira","DTR <= 8 & DTR <= 7 & MLWS <= 32"
4,29.23670772,-2.42245029,1,5,32,16,8,140.04,477.33,525.36,140.04,1065.46,13.6498734177215,26.63,19.04,17.43,14.67,7,0,0,0,5,3,15.34,25.181,"Seka, Kirundo, Ndamira","DTR <= 8 & DTR <= 7 & MLWS <= 32"
4,29.07004104,-2.33911695,1,5,32,16,8,140.04,477.33,525.36,140.04,1065.46,13.6498734177215,26.63,19.04,17.43,14.67,7,0,0,0,5,3,15.34,25.181,"Seka, Kirundo, Ndamira","DTR <= 8 & DTR <= 7 & MLWS <= 32"
4,29.15337438,-2.33911695,1,5,32,16,8,140.04,477.33,525.36,140.04,1065.46,13.6498734177215,26.63,19.04,17.43,14.67,7,0,0,0,5,3,15.34,25.181,"Seka, Kirundo, Ndamira","DTR <= 8 & DTR <= 7 & MLWS <= 32"
4,29.23670772,-2.33911695,1,5,32,16,8,140.04,477.33,525.36,140.04,1065.46,13.6498734177215,26.63,19.04,17.43,14.67,7,0,0,0,5,3,15.34,25.181,"Seka, Kirundo, Ndamira","DTR <= 8 & DTR <= 7 & MLWS <= 32"
4,29.32004106,-2.33911695,1,5,32,16,8,140.04,477.33,525.36,140.04,1065.46,13.6498734177215,26.63,19.04,17.43,14.67,7,0,0,0,5,3,15.34,25.181,"Seka, Kirundo, Ndamira","DTR <= 8 & DTR <= 7 & MLWS <= 32"
4,29.4033744,-2.33911695,1,5,32,16,8,140.04,477.33,525.36,140.04,1065.46,13.6498734177215,26.63,19.04,17.43,14.67,7,0,0,0,5,3,15.34,25.181,"Seka, Kirundo, Ndamira","DTR <= 8 & DTR <= 7 & MLWS <= 32"
5,28.90337436,-2.25578361,1,4,43,18,12,147,539.09,605.6,147,1303.22,15.256511627907,25.5,18.03,16.63,13.01,7,0,0,0,4,2,14.429,24.13,"Twihaze, Cruza, Izihirwe","DTR <= 8 & DTR <= 7 & MLWS > 32"
5,28.90337436,-2.08911693,1,4,43,18,12,147,539.09,605.6,147,1303.22,15.256511627907,25.5,18.03,16.63,13.01,7,0,0,0,4,2,14.429,24.13,"Twihaze, Cruza, Izihirwe","DTR <= 8 & DTR <= 7 & MLWS > 32"
5,28.90337436,-1.58911689,1,3,44,17,7,145.55,463.15,494.61,145.55,1039.47,12.3192941176471,25.36,18.44,17.24,13.47,7,0,0,0,4,2,14.385,24.126,"Twihaze, Cruza, Izihirwe","DTR <= 8 & DTR <= 7 & MLWS > 32"
5,28.90337436,-1.83911691,1,3,44,17,7,145.55,463.15,494.61,145.55,1039.47,12.3192941176471,25.36,18.44,17.24,13.47,7,0,0,0,4,2,14.385,24.126,"Twihaze, Cruza, Izihirwe","DTR <= 8 & DTR <= 7 & MLWS > 32"
5,28.90337436,-1.50578355,1,3,44,17,7,145.55,463.15,494.61,145.55,1039.47,12.3192941176471,25.36,18.44,17.24,13.47,7,0,0,0,4,2,14.385,24.126,"Twihaze, Cruza, Izihirwe","DTR <= 8 & DTR <= 7 & MLWS > 32"
5,29.07004104,-1.58911689,1,5,50,18,8,119.65,409.85,439.32,119.65,962.57,11.2823255813953,25.15,18.88,17.03,14.21,7,0,0,0,5,2,14.698,23.758,"Twihaze, Cruza, Izihirwe","DTR <= 8 & DTR <= 7 & MLWS > 32"
5,29.15337438,-1.58911689,1,5,50,18,8,119.65,409.85,439.32,119.65,962.57,11.2823255813953,25.15,18.88,17.03,14.21,7,0,0,0,5,2,14.698,23.758,"Twihaze, Cruza, Izihirwe","DTR <= 8 & DTR <= 7 & MLWS > 32"
5,29.23670772,-1.58911689,1,5,50,18,8,119.65,409.85,439.32,119.65,962.57,11.2823255813953,25.15,18.88,17.03,14.21,7,0,0,0,5,2,14.698,23.758,"Twihaze, Cruza, Izihirwe","DTR <= 8 & DTR <= 7 & MLWS > 32"
5,29.32004106,-1.58911689,1,5,50,18,8,119.65,409.85,439.32,119.65,962.57,11.2823255813953,25.15,18.88,17.03,14.21,7,0,0,0,5,2,14.698,23.758,"Twihaze, Cruza, Izihirwe","DTR <= 8 & DTR <= 7 & MLWS > 32"
5,28.90337436,-2.17245027,1,4,43,18,12,147,539.09,605.6,147,1303.22,15.256511627907,25.5,18.03,16.63,13.01,7,0,0,0,4,2,14.429,24.13,"Twihaze, Cruza, Izihirwe","DTR <= 8 & DTR <= 7 & MLWS > 32"
5,29.4033744,-1.58911689,1,5,50,18,8,119.65,409.85,439.32,119.65,962.57,11.2823255813953,25.15,18.88,17.03,14.21,7,0,0,0,5,2,14.698,23.758,"Twihaze, Cruza, Izihirwe","DTR <= 8 & DTR <= 7 & MLWS > 32"
5,28.90337436,-1.75578357,1,3,44,17,7,145.55,463.15,494.61,145.55,1039.47,12.3192941176471,25.36,18.44,17.24,13.47,7,0,0,0,4,2,14.385,24.126,"Twihaze, Cruza, Izihirwe","DTR <= 8 & DTR <= 7 & MLWS > 32"
5,29.4033744,-1.50578355,1,5,50,18,8,119.65,409.85,439.32,119.65,962.57,11.2823255813953,25.15,18.88,17.03,14.21,7,0,0,0,5,2,14.698,23.758,"Twihaze, Cruza, Izihirwe","DTR <= 8 & DTR <= 7 & MLWS > 32"
5,28.90337436,-1.67245023,1,3,44,17,7,145.55,463.15,494.61,145.55,1039.47,12.3192941176471,25.36,18.44,17.24,13.47,7,0,0,0,4,2,14.385,24.126,"Twihaze, Cruza, Izihirwe","DTR <= 8 & DTR <= 7 & MLWS > 32"
5,28.9867077,-1.67245023,1,3,44,17,7,145.55,463.15,494.61,145.55,1039.47,12.3192941176471,25.36,18.44,17.24,13.47,7,0,0,0,4,2,14.385,24.126,"Twihaze, Cruza, Izihirwe","DTR <= 8 & DTR <= 7 & MLWS > 32"
5,28.90337436,-2.42245029,1,4,43,18,12,147,539.09,605.6,147,1303.22,15.256511627907,25.5,18.03,16.63,13.01,7,0,0,0,4,2,14.429,24.13,"Twihaze, Cruza, Izihirwe","DTR <= 8 & DTR <= 7 & MLWS > 32"
5,28.90337436,-2.00578359,1,4,43,18,12,147,539.09,605.6,147,1303.22,15.256511627907,25.5,18.03,16.63,13.01,7,0,0,0,4,2,14.429,24.13,"Twihaze, Cruza, Izihirwe","DTR <= 8 & DTR <= 7 & MLWS > 32"
5,28.9867077,-1.58911689,1,3,44,17,7,145.55,463.15,494.61,145.55,1039.47,12.3192941176471,25.36,18.44,17.24,13.47,7,0,0,0,4,2,14.385,24.126,"Twihaze, Cruza, Izihirwe","DTR <= 8 & DTR <= 7 & MLWS > 32"
5,28.90337436,-2.33911695,1,4,43,18,12,147,539.09,605.6,147,1303.22,15.256511627907,25.5,18.03,16.63,13.01,7,0,0,0,4,2,14.429,24.13,"Twihaze, Cruza, Izihirwe","DTR <= 8 & DTR <= 7 & MLWS > 32"
5,28.90337436,-1.92245025,1,3,44,17,7,145.55,463.15,494.61,145.55,1039.47,12.3192941176471,25.36,18.44,17.24,13.47,7,0,0,0,4,2,14.385,24.126,"Twihaze, Cruza, Izihirwe","DTR <= 8 & DTR <= 7 & MLWS > 32"
5,28.9867077,-1.50578355,1,3,44,17,7,145.55,463.15,494.61,145.55,1039.47,12.3192941176471,25.36,18.44,17.24,13.47,7,0,0,0,4,2,14.385,24.126,"Twihaze, Cruza, Izihirwe","DTR <= 8 & DTR <= 7 & MLWS > 32"
5,29.07004104,-1.50578355,1,5,50,18,8,119.65,409.85,439.32,119.65,962.57,11.2823255813953,25.15,18.88,17.03,14.21,7,0,0,0,5,2,14.698,23.758,"Twihaze, Cruza, Izihirwe","DTR <= 8 & DTR <= 7 & MLWS > 32"
5,29.15337438,-1.50578355,1,5,50,18,8,119.65,409.85,439.32,119.65,962.57,11.2823255813953,25.15,18.88,17.03,14.21,7,0,0,0,5,2,14.698,23.758,"Twihaze, Cruza, Izihirwe","DTR <= 8 & DTR <= 7 & MLWS > 32"
5,29.23670772,-1.50578355,1,5,50,18,8,119.65,409.85,439.32,119.65,962.57,11.2823255813953,25.15,18.88,17.03,14.21,7,0,0,0,5,2,14.698,23.758,"Twihaze, Cruza, Izihirwe","DTR <= 8 & DTR <= 7 & MLWS > 32"
5,29.32004106,-1.50578355,1,5,50,18,8,119.65,409.85,439.32,119.65,962.57,11.2823255813953,25.15,18.88,17.03,14.21,7,0,0,0,5,2,14.698,23.758,"Twihaze, Cruza, Izihirwe","DTR <= 8 & DTR <= 7 & MLWS > 32"
5,28.9867077,-1.75578357,1,3,44,17,7,145.55,463.15,494.61,145.55,1039.47,12.3192941176471,25.36,18.44,17.24,13.47,7,0,0,0,4,2,14.385,24.126,"Twihaze, Cruza, Izihirwe","DTR <= 8 & DTR <= 7 & MLWS > 32"
5,28.90337436,-2.50578363,1,3,78,18,16,220.61,718.39,904.57,220.61,1937.48,20.6436170212766,24.63,17.5,15.52,12.41,7,0,0,0,4,3,13.329,23.699,"Twihaze, Cruza, Izihirwe","DTR <= 8 & DTR <= 7 & MLWS > 32"
5,28.9867077,-2.50578363,1,3,78,18,16,220.61,718.39,904.57,220.61,1937.48,20.6436170212766,24.63,17.5,15.52,12.41,7,0,0,0,4,3,13.329,23.699,"Twihaze, Cruza, Izihirwe","DTR <= 8 & DTR <= 7 & MLWS > 32"
5,28.9867077,-2.08911693,1,4,43,18,12,147,539.09,605.6,147,1303.22,15.256511627907,25.5,18.03,16.63,13.01,7,0,0,0,4,2,14.429,24.13,"Twihaze, Cruza, Izihirwe","DTR <= 8 & DTR <= 7 & MLWS > 32"
5,29.07004104,-1.67245023,1,5,50,18,8,119.65,409.85,439.32,119.65,962.57,11.2823255813953,25.15,18.88,17.03,14.21,7,0,0,0,5,2,14.698,23.758,"Twihaze, Cruza, Izihirwe","DTR <= 8 & DTR <= 7 & MLWS > 32"
5,29.15337438,-1.67245023,1,5,50,18,8,119.65,409.85,439.32,119.65,962.57,11.2823255813953,25.15,18.88,17.03,14.21,7,0,0,0,5,2,14.698,23.758,"Twihaze, Cruza, Izihirwe","DTR <= 8 & DTR <= 7 & MLWS > 32"
5,29.23670772,-1.67245023,1,5,50,18,8,119.65,409.85,439.32,119.65,962.57,11.2823255813953,25.15,18.88,17.03,14.21,7,0,0,0,5,2,14.698,23.758,"Twihaze, Cruza, Izihirwe","DTR <= 8 & DTR <= 7 & MLWS > 32"
5,29.32004106,-1.67245023,1,5,50,18,8,119.65,409.85,439.32,119.65,962.57,11.2823255813953,25.15,18.88,17.03,14.21,7,0,0,0,5,2,14.698,23.758,"Twihaze, Cruza, Izihirwe","DTR <= 8 & DTR <= 7 & MLWS > 32"
5,29.4033744,-1.67245023,1,5,50,18,8,119.65,409.85,439.32,119.65,962.57,11.2823255813953,25.15,18.88,17.03,14.21,7,0,0,0,5,2,14.698,23.758,"Twihaze, Cruza, Izihirwe","DTR <= 8 & DTR <= 7 & MLWS > 32"
5,28.90337436,-2.67245031,1,3,78,18,16,220.61,718.39,904.57,220.61,1937.48,20.6436170212766,24.63,17.5,15.52,12.41,7,0,0,0,4,3,13.329,23.699,"Twihaze, Cruza, Izihirwe","DTR <= 8 & DTR <= 7 & MLWS > 32"
5,29.48670774,-1.67245023,1,5,50,18,8,119.65,409.85,439.32,119.65,962.57,11.2823255813953,25.15,18.88,17.03,14.21,7,0,0,0,5,2,14.698,23.758,"Twihaze, Cruza, Izihirwe","DTR <= 8 & DTR <= 7 & MLWS > 32"
5,28.9867077,-1.83911691,1,3,44,17,7,145.55,463.15,494.61,145.55,1039.47,12.3192941176471,25.36,18.44,17.24,13.47,7,0,0,0,4,2,14.385,24.126,"Twihaze, Cruza, Izihirwe","DTR <= 8 & DTR <= 7 & MLWS > 32"
5,29.07004104,-1.83911691,1,5,50,18,8,119.65,409.85,439.32,119.65,962.57,11.2823255813953,25.15,18.88,17.03,14.21,7,0,0,0,5,2,14.698,23.758,"Twihaze, Cruza, Izihirwe","DTR <= 8 & DTR <= 7 & MLWS > 32"
5,29.15337438,-1.83911691,1,5,50,18,8,119.65,409.85,439.32,119.65,962.57,11.2823255813953,25.15,18.88,17.03,14.21,7,0,0,0,5,2,14.698,23.758,"Twihaze, Cruza, Izihirwe","DTR <= 8 & DTR <= 7 & MLWS > 32"
5,29.23670772,-1.83911691,1,5,50,18,8,119.65,409.85,439.32,119.65,962.57,11.2823255813953,25.15,18.88,17.03,14.21,7,0,0,0,5,2,14.698,23.758,"Twihaze, Cruza, Izihirwe","DTR <= 8 & DTR <= 7 & MLWS > 32"
5,29.32004106,-1.83911691,1,5,50,18,8,119.65,409.85,439.32,119.65,962.57,11.2823255813953,25.15,18.88,17.03,14.21,7,0,0,0,5,2,14.698,23.758,"Twihaze, Cruza, Izihirwe","DTR <= 8 & DTR <= 7 & MLWS > 32"
5,29.4033744,-1.83911691,1,5,50,18,8,119.65,409.85,439.32,119.65,962.57,11.2823255813953,25.15,18.88,17.03,14.21,7,0,0,0,5,2,14.698,23.758,"Twihaze, Cruza, Izihirwe","DTR <= 8 & DTR <= 7 & MLWS > 32"
5,28.90337436,-2.83911699,1,3,78,18,16,220.61,718.39,904.57,220.61,1937.48,20.6436170212766,24.63,17.5,15.52,12.41,7,0,0,0,4,3,13.329,23.699,"Twihaze, Cruza, Izihirwe","DTR <= 8 & DTR <= 7 & MLWS > 32"
5,29.48670774,-1.83911691,1,5,50,18,8,119.65,409.85,439.32,119.65,962.57,11.2823255813953,25.15,18.88,17.03,14.21,7,0,0,0,5,2,14.698,23.758,"Twihaze, Cruza, Izihirwe","DTR <= 8 & DTR <= 7 & MLWS > 32"
5,28.9867077,-2.00578359,1,4,43,18,12,147,539.09,605.6,147,1303.22,15.256511627907,25.5,18.03,16.63,13.01,7,0,0,0,4,2,14.429,24.13,"Twihaze, Cruza, Izihirwe","DTR <= 8 & DTR <= 7 & MLWS > 32"
5,28.90337436,-2.75578365,1,3,78,18,16,220.61,718.39,904.57,220.61,1937.48,20.6436170212766,24.63,17.5,15.52,12.41,7,0,0,0,4,3,13.329,23.699,"Twihaze, Cruza, Izihirwe","DTR <= 8 & DTR <= 7 & MLWS > 32"
5,29.48670774,-1.75578357,1,5,50,18,8,119.65,409.85,439.32,119.65,962.57,11.2823255813953,25.15,18.88,17.03,14.21,7,0,0,0,5,2,14.698,23.758,"Twihaze, Cruza, Izihirwe","DTR <= 8 & DTR <= 7 & MLWS > 32"
5,28.9867077,-1.92245025,1,3,44,17,7,145.55,463.15,494.61,145.55,1039.47,12.3192941176471,25.36,18.44,17.24,13.47,7,0,0,0,4,2,14.385,24.126,"Twihaze, Cruza, Izihirwe","DTR <= 8 & DTR <= 7 & MLWS > 32"
5,29.07004104,-1.92245025,1,5,50,18,8,119.65,409.85,439.32,119.65,962.57,11.2823255813953,25.15,18.88,17.03,14.21,7,0,0,0,5,2,14.698,23.758,"Twihaze, Cruza, Izihirwe","DTR <= 8 & DTR <= 7 & MLWS > 32"
5,29.15337438,-1.92245025,1,5,50,18,8,119.65,409.85,439.32,119.65,962.57,11.2823255813953,25.15,18.88,17.03,14.21,7,0,0,0,5,2,14.698,23.758,"Twihaze, Cruza, Izihirwe","DTR <= 8 & DTR <= 7 & MLWS > 32"
5,28.90337436,-2.58911697,1,3,78,18,16,220.61,718.39,904.57,220.61,1937.48,20.6436170212766,24.63,17.5,15.52,12.41,7,0,0,0,4,3,13.329,23.699,"Twihaze, Cruza, Izihirwe","DTR <= 8 & DTR <= 7 & MLWS > 32"
5,28.9867077,-2.58911697,1,3,78,18,16,220.61,718.39,904.57,220.61,1937.48,20.6436170212766,24.63,17.5,15.52,12.41,7,0,0,0,4,3,13.329,23.699,"Twihaze, Cruza, Izihirwe","DTR <= 8 & DTR <= 7 & MLWS > 32"
5,28.9867077,-2.17245027,1,4,43,18,12,147,539.09,605.6,147,1303.22,15.256511627907,25.5,18.03,16.63,13.01,7,0,0,0,4,2,14.429,24.13,"Twihaze, Cruza, Izihirwe","DTR <= 8 & DTR <= 7 & MLWS > 32"
5,29.07004104,-1.75578357,1,5,50,18,8,119.65,409.85,439.32,119.65,962.57,11.2823255813953,25.15,18.88,17.03,14.21,7,0,0,0,5,2,14.698,23.758,"Twihaze, Cruza, Izihirwe","DTR <= 8 & DTR <= 7 & MLWS > 32"
5,29.15337438,-1.75578357,1,5,50,18,8,119.65,409.85,439.32,119.65,962.57,11.2823255813953,25.15,18.88,17.03,14.21,7,0,0,0,5,2,14.698,23.758,"Twihaze, Cruza, Izihirwe","DTR <= 8 & DTR <= 7 & MLWS > 32"
5,29.23670772,-1.75578357,1,5,50,18,8,119.65,409.85,439.32,119.65,962.57,11.2823255813953,25.15,18.88,17.03,14.21,7,0,0,0,5,2,14.698,23.758,"Twihaze, Cruza, Izihirwe","DTR <= 8 & DTR <= 7 & MLWS > 32"
5,29.32004106,-1.75578357,1,5,50,18,8,119.65,409.85,439.32,119.65,962.57,11.2823255813953,25.15,18.88,17.03,14.21,7,0,0,0,5,2,14.698,23.758,"Twihaze, Cruza, Izihirwe","DTR <= 8 & DTR <= 7 & MLWS > 32"
5,29.4033744,-1.75578357,1,5,50,18,8,119.65,409.85,439.32,119.65,962.57,11.2823255813953,25.15,18.88,17.03,14.21,7,0,0,0,5,2,14.698,23.758,"Twihaze, Cruza, Izihirwe","DTR <= 8 & DTR <= 7 & MLWS > 32"
5,28.9867077,-2.42245029,1,4,43,18,12,147,539.09,605.6,147,1303.22,15.256511627907,25.5,18.03,16.63,13.01,7,0,0,0,4,2,14.429,24.13,"Twihaze, Cruza, Izihirwe","DTR <= 8 & DTR <= 7 & MLWS > 32"
5,29.23670772,-1.92245025,1,5,50,18,8,119.65,409.85,439.32,119.65,962.57,11.2823255813953,25.15,18.88,17.03,14.21,7,0,0,0,5,2,14.698,23.758,"Twihaze, Cruza, Izihirwe","DTR <= 8 & DTR <= 7 & MLWS > 32"
5,28.9867077,-2.75578365,1,3,78,18,16,220.61,718.39,904.57,220.61,1937.48,20.6436170212766,24.63,17.5,15.52,12.41,7,0,0,0,4,3,13.329,23.699,"Twihaze, Cruza, Izihirwe","DTR <= 8 & DTR <= 7 & MLWS > 32"
5,28.9867077,-2.33911695,1,4,43,18,12,147,539.09,605.6,147,1303.22,15.256511627907,25.5,18.03,16.63,13.01,7,0,0,0,4,2,14.429,24.13,"Twihaze, Cruza, Izihirwe","DTR <= 8 & DTR <= 7 & MLWS > 32"
5,28.9867077,-2.67245031,1,3,78,18,16,220.61,718.39,904.57,220.61,1937.48,20.6436170212766,24.63,17.5,15.52,12.41,7,0,0,0,4,3,13.329,23.699,"Twihaze, Cruza, Izihirwe","DTR <= 8 & DTR <= 7 & MLWS > 32"
5,29.48670774,-1.92245025,1,5,50,18,8,119.65,409.85,439.32,119.65,962.57,11.2823255813953,25.15,18.88,17.03,14.21,7,0,0,0,5,2,14.698,23.758,"Twihaze, Cruza, Izihirwe","DTR <= 8 & DTR <= 7 & MLWS > 32"
5,29.32004106,-1.92245025,1,5,50,18,8,119.65,409.85,439.32,119.65,962.57,11.2823255813953,25.15,18.88,17.03,14.21,7,0,0,0,5,2,14.698,23.758,"Twihaze, Cruza, Izihirwe","DTR <= 8 & DTR <= 7 & MLWS > 32"
5,29.4033744,-1.92245025,1,5,50,18,8,119.65,409.85,439.32,119.65,962.57,11.2823255813953,25.15,18.88,17.03,14.21,7,0,0,0,5,2,14.698,23.758,"Twihaze, Cruza, Izihirwe","DTR <= 8 & DTR <= 7 & MLWS > 32"
5,29.48670774,-1.58911689,1,5,50,18,8,119.65,409.85,439.32,119.65,962.57,11.2823255813953,25.15,18.88,17.03,14.21,7,0,0,0,5,2,14.698,23.758,"Twihaze, Cruza, Izihirwe","DTR <= 8 & DTR <= 7 & MLWS > 32"
5,29.48670774,-1.50578355,1,5,50,18,8,119.65,409.85,439.32,119.65,962.57,11.2823255813953,25.15,18.88,17.03,14.21,7,0,0,0,5,2,14.698,23.758,"Twihaze, Cruza, Izihirwe","DTR <= 8 & DTR <= 7 & MLWS > 32"
5,28.9867077,-2.83911699,1,3,78,18,16,220.61,718.39,904.57,220.61,1937.48,20.6436170212766,24.63,17.5,15.52,12.41,7,0,0,0,4,3,13.329,23.699,"Twihaze, Cruza, Izihirwe","DTR <= 8 & DTR <= 7 & MLWS > 32"
5,28.9867077,-2.25578361,1,4,43,18,12,147,539.09,605.6,147,1303.22,15.256511627907,25.5,18.03,16.63,13.01,7,0,0,0,4,2,14.429,24.13,"Twihaze, Cruza, Izihirwe","DTR <= 8 & DTR <= 7 & MLWS > 32"
6,28.90337436,-1.08911685,1,4,22,15,6,129.33,352.13,374.41,129.33,829.32,10.49775,26.97,19.51,17.04,13.28,8,0,0,0,5,4,14.744,25.472,"Kirundo, Twihaze, Cruza","DTR <= 8 & DTR > 7"
6,28.9867077,-1.08911685,1,4,22,15,6,129.33,352.13,374.41,129.33,829.32,10.49775,26.97,19.51,17.04,13.28,8,0,0,0,5,4,14.744,25.472,"Kirundo, Twihaze, Cruza","DTR <= 8 & DTR > 7"
6,29.07004104,-1.08911685,1,3,32,14,8,122.4,335.2,362.22,122.4,871.92,10.5094047619048,26.04,19.13,16.57,13.52,8,0,0,0,5,2,14.458,24.813,"Kirundo, Twihaze, Cruza","DTR <= 8 & DTR > 7"
6,29.15337438,-1.08911685,1,3,32,14,8,122.4,335.2,362.22,122.4,871.92,10.5094047619048,26.04,19.13,16.57,13.52,8,0,0,0,5,2,14.458,24.813,"Kirundo, Twihaze, Cruza","DTR <= 8 & DTR > 7"
6,29.23670772,-1.08911685,1,3,32,14,8,122.4,335.2,362.22,122.4,871.92,10.5094047619048,26.04,19.13,16.57,13.52,8,0,0,0,5,2,14.458,24.813,"Kirundo, Twihaze, Cruza","DTR <= 8 & DTR > 7"
6,29.32004106,-1.08911685,1,3,32,14,8,122.4,335.2,362.22,122.4,871.92,10.5094047619048,26.04,19.13,16.57,13.52,8,0,0,0,5,2,14.458,24.813,"Kirundo, Twihaze, Cruza","DTR <= 8 & DTR > 7"
6,29.4033744,-1.08911685,1,3,32,14,8,122.4,335.2,362.22,122.4,871.92,10.5094047619048,26.04,19.13,16.57,13.52,8,0,0,0,5,2,14.458,24.813,"Kirundo, Twihaze, Cruza","DTR <= 8 & DTR > 7"
6,29.48670774,-1.08911685,1,3,32,14,8,122.4,335.2,362.22,122.4,871.92,10.5094047619048,26.04,19.13,16.57,13.52,8,0,0,0,5,2,14.458,24.813,"Kirundo, Twihaze, Cruza","DTR <= 8 & DTR > 7"
6,29.57004108,-1.08911685,1,2,32,9,8,69.41,206.83,225.68,69.41,715.46,7.92747252747253,26.22,19.38,16.15,13.22,8,0,0,0,5,1,13.85,24.981,"Kirundo, Twihaze, Cruza","DTR <= 8 & DTR > 7"
6,29.65337442,-1.08911685,1,2,32,9,8,69.41,206.83,225.68,69.41,715.46,7.92747252747253,26.22,19.38,16.15,13.22,8,0,0,0,5,1,13.85,24.981,"Kirundo, Twihaze, Cruza","DTR <= 8 & DTR > 7"
6,29.73670776,-1.08911685,1,2,32,9,8,69.41,206.83,225.68,69.41,715.46,7.92747252747253,26.22,19.38,16.15,13.22,8,0,0,0,5,1,13.85,24.981,"Kirundo, Twihaze, Cruza","DTR <= 8 & DTR > 7"
6,29.8200411,-1.08911685,1,2,32,9,8,69.41,206.83,225.68,69.41,715.46,7.92747252747253,26.22,19.38,16.15,13.22,8,0,0,0,5,1,13.85,24.981,"Kirundo, Twihaze, Cruza","DTR <= 8 & DTR > 7"
6,29.90337444,-1.08911685,1,2,32,9,8,69.41,206.83,225.68,69.41,715.46,7.92747252747253,26.22,19.38,16.15,13.22,8,0,0,0,5,1,13.85,24.981,"Kirundo, Twihaze, Cruza","DTR <= 8 & DTR > 7"
6,29.98670778,-1.08911685,1,2,32,9,8,69.41,206.83,225.68,69.41,715.46,7.92747252747253,26.22,19.38,16.15,13.22,8,0,0,0,5,1,13.85,24.981,"Kirundo, Twihaze, Cruza","DTR <= 8 & DTR > 7"
6,29.4033744,-1.25578353,1,3,32,14,8,122.4,335.2,362.22,122.4,871.92,10.5094047619048,26.04,19.13,16.57,13.52,8,0,0,0,5,2,14.458,24.813,"Kirundo, Twihaze, Cruza","DTR <= 8 & DTR > 7"
6,29.48670774,-1.25578353,1,3,32,14,8,122.4,335.2,362.22,122.4,871.92,10.5094047619048,26.04,19.13,16.57,13.52,8,0,0,0,5,2,14.458,24.813,"Kirundo, Twihaze, Cruza","DTR <= 8 & DTR > 7"
6,29.57004108,-1.25578353,1,2,32,9,8,69.41,206.83,225.68,69.41,715.46,7.92747252747253,26.22,19.38,16.15,13.22,8,0,0,0,5,1,13.85,24.981,"Kirundo, Twihaze, Cruza","DTR <= 8 & DTR > 7"
6,29.65337442,-1.25578353,1,2,32,9,8,69.41,206.83,225.68,69.41,715.46,7.92747252747253,26.22,19.38,16.15,13.22,8,0,0,0,5,1,13.85,24.981,"Kirundo, Twihaze, Cruza","DTR <= 8 & DTR > 7"
6,29.73670776,-1.25578353,1,2,32,9,8,69.41,206.83,225.68,69.41,715.46,7.92747252747253,26.22,19.38,16.15,13.22,8,0,0,0,5,1,13.85,24.981,"Kirundo, Twihaze, Cruza","DTR <= 8 & DTR > 7"
6,29.8200411,-1.25578353,1,2,32,9,8,69.41,206.83,225.68,69.41,715.46,7.92747252747253,26.22,19.38,16.15,13.22,8,0,0,0,5,1,13.85,24.981,"Kirundo, Twihaze, Cruza","DTR <= 8 & DTR > 7"
6,29.90337444,-1.25578353,1,2,32,9,8,69.41,206.83,225.68,69.41,715.46,7.92747252747253,26.22,19.38,16.15,13.22,8,0,0,0,5,1,13.85,24.981,"Kirundo, Twihaze, Cruza","DTR <= 8 & DTR > 7"
6,29.98670778,-1.25578353,1,2,32,9,8,69.41,206.83,225.68,69.41,715.46,7.92747252747253,26.22,19.38,16.15,13.22,8,0,0,0,5,1,13.85,24.981,"Kirundo, Twihaze, Cruza","DTR <= 8 & DTR > 7"
6,29.07004104,-2.83911699,1,5,50,15,13,222.76,680.83,844.87,222.76,1607.31,18.5591954022989,27.73,19.62,16.94,14.06,8,0,0,0,5,2,14.673,26.585,"Kirundo, Twihaze, Cruza","DTR <= 8 & DTR > 7"
6,29.15337438,-2.83911699,1,5,50,15,13,222.76,680.83,844.87,222.76,1607.31,18.5591954022989,27.73,19.62,16.94,14.06,8,0,0,0,5,2,14.673,26.585,"Kirundo, Twihaze, Cruza","DTR <= 8 & DTR > 7"
6,28.90337436,-1.17245019,1,4,22,15,6,129.33,352.13,374.41,129.33,829.32,10.49775,26.97,19.51,17.04,13.28,8,0,0,0,5,4,14.744,25.472,"Kirundo, Twihaze, Cruza","DTR <= 8 & DTR > 7"
6,28.9867077,-1.17245019,1,4,22,15,6,129.33,352.13,374.41,129.33,829.32,10.49775,26.97,19.51,17.04,13.28,8,0,0,0,5,4,14.744,25.472,"Kirundo, Twihaze, Cruza","DTR <= 8 & DTR > 7"
6,29.07004104,-1.17245019,1,3,32,14,8,122.4,335.2,362.22,122.4,871.92,10.5094047619048,26.04,19.13,16.57,13.52,8,0,0,0,5,2,14.458,24.813,"Kirundo, Twihaze, Cruza","DTR <= 8 & DTR > 7"
6,29.15337438,-1.17245019,1,3,32,14,8,122.4,335.2,362.22,122.4,871.92,10.5094047619048,26.04,19.13,16.57,13.52,8,0,0,0,5,2,14.458,24.813,"Kirundo, Twihaze, Cruza","DTR <= 8 & DTR > 7"
6,29.23670772,-1.17245019,1,3,32,14,8,122.4,335.2,362.22,122.4,871.92,10.5094047619048,26.04,19.13,16.57,13.52,8,0,0,0,5,2,14.458,24.813,"Kirundo, Twihaze, Cruza","DTR <= 8 & DTR > 7"
6,29.32004106,-1.17245019,1,3,32,14,8,122.4,335.2,362.22,122.4,871.92,10.5094047619048,26.04,19.13,16.57,13.52,8,0,0,0,5,2,14.458,24.813,"Kirundo, Twihaze, Cruza","DTR <= 8 & DTR > 7"
6,29.4033744,-1.17245019,1,3,32,14,8,122.4,335.2,362.22,122.4,871.92,10.5094047619048,26.04,19.13,16.57,13.52,8,0,0,0,5,2,14.458,24.813,"Kirundo, Twihaze, Cruza","DTR <= 8 & DTR > 7"
6,29.48670774,-1.17245019,1,3,32,14,8,122.4,335.2,362.22,122.4,871.92,10.5094047619048,26.04,19.13,16.57,13.52,8,0,0,0,5,2,14.458,24.813,"Kirundo, Twihaze, Cruza","DTR <= 8 & DTR > 7"
6,29.57004108,-1.17245019,1,2,32,9,8,69.41,206.83,225.68,69.41,715.46,7.92747252747253,26.22,19.38,16.15,13.22,8,0,0,0,5,1,13.85,24.981,"Kirundo, Twihaze, Cruza","DTR <= 8 & DTR > 7"
6,29.65337442,-1.17245019,1,2,32,9,8,69.41,206.83,225.68,69.41,715.46,7.92747252747253,26.22,19.38,16.15,13.22,8,0,0,0,5,1,13.85,24.981,"Kirundo, Twihaze, Cruza","DTR <= 8 & DTR > 7"
6,29.73670776,-1.17245019,1,2,32,9,8,69.41,206.83,225.68,69.41,715.46,7.92747252747253,26.22,19.38,16.15,13.22,8,0,0,0,5,1,13.85,24.981,"Kirundo, Twihaze, Cruza","DTR <= 8 & DTR > 7"
6,29.8200411,-1.17245019,1,2,32,9,8,69.41,206.83,225.68,69.41,715.46,7.92747252747253,26.22,19.38,16.15,13.22,8,0,0,0,5,1,13.85,24.981,"Kirundo, Twihaze, Cruza","DTR <= 8 & DTR > 7"
6,29.90337444,-1.17245019,1,2,32,9,8,69.41,206.83,225.68,69.41,715.46,7.92747252747253,26.22,19.38,16.15,13.22,8,0,0,0,5,1,13.85,24.981,"Kirundo, Twihaze, Cruza","DTR <= 8 & DTR > 7"
6,29.98670778,-1.17245019,1,2,32,9,8,69.41,206.83,225.68,69.41,715.46,7.92747252747253,26.22,19.38,16.15,13.22,8,0,0,0,5,1,13.85,24.981,"Kirundo, Twihaze, Cruza","DTR <= 8 & DTR > 7"
6,29.4033744,-1.33911687,1,3,32,14,8,122.4,335.2,362.22,122.4,871.92,10.5094047619048,26.04,19.13,16.57,13.52,8,0,0,0,5,2,14.458,24.813,"Kirundo, Twihaze, Cruza","DTR <= 8 & DTR > 7"
6,29.48670774,-1.33911687,1,3,32,14,8,122.4,335.2,362.22,122.4,871.92,10.5094047619048,26.04,19.13,16.57,13.52,8,0,0,0,5,2,14.458,24.813,"Kirundo, Twihaze, Cruza","DTR <= 8 & DTR > 7"
6,29.57004108,-1.33911687,1,2,32,9,8,69.41,206.83,225.68,69.41,715.46,7.92747252747253,26.22,19.38,16.15,13.22,8,0,0,0,5,1,13.85,24.981,"Kirundo, Twihaze, Cruza","DTR <= 8 & DTR > 7"
6,29.65337442,-1.33911687,1,2,32,9,8,69.41,206.83,225.68,69.41,715.46,7.92747252747253,26.22,19.38,16.15,13.22,8,0,0,0,5,1,13.85,24.981,"Kirundo, Twihaze, Cruza","DTR <= 8 & DTR > 7"
6,29.73670776,-1.33911687,1,2,32,9,8,69.41,206.83,225.68,69.41,715.46,7.92747252747253,26.22,19.38,16.15,13.22,8,0,0,0,5,1,13.85,24.981,"Kirundo, Twihaze, Cruza","DTR <= 8 & DTR > 7"
6,29.8200411,-1.33911687,1,2,32,9,8,69.41,206.83,225.68,69.41,715.46,7.92747252747253,26.22,19.38,16.15,13.22,8,0,0,0,5,1,13.85,24.981,"Kirundo, Twihaze, Cruza","DTR <= 8 & DTR > 7"
6,29.90337444,-1.33911687,1,2,32,9,8,69.41,206.83,225.68,69.41,715.46,7.92747252747253,26.22,19.38,16.15,13.22,8,0,0,0,5,1,13.85,24.981,"Kirundo, Twihaze, Cruza","DTR <= 8 & DTR > 7"
6,29.98670778,-1.33911687,1,2,32,9,8,69.41,206.83,225.68,69.41,715.46,7.92747252747253,26.22,19.38,16.15,13.22,8,0,0,0,5,1,13.85,24.981,"Kirundo, Twihaze, Cruza","DTR <= 8 & DTR > 7"
6,29.57004108,-2.33911695,1,6,22,12,7,109.07,320.47,355.05,109.07,837.8,10.4876543209877,28.16,20.04,17.4,14.44,8,0,0,0,5,2,15.04,26.522,"Kirundo, Twihaze, Cruza","DTR <= 8 & DTR > 7"
6,29.07004104,-2.50578363,1,5,50,15,13,222.76,680.83,844.87,222.76,1607.31,18.5591954022989,27.73,19.62,16.94,14.06,8,0,0,0,5,2,14.673,26.585,"Kirundo, Twihaze, Cruza","DTR <= 8 & DTR > 7"
6,28.90337436,-1.25578353,1,4,22,15,6,129.33,352.13,374.41,129.33,829.32,10.49775,26.97,19.51,17.04,13.28,8,0,0,0,5,4,14.744,25.472,"Kirundo, Twihaze, Cruza","DTR <= 8 & DTR > 7"
6,28.9867077,-1.25578353,1,4,22,15,6,129.33,352.13,374.41,129.33,829.32,10.49775,26.97,19.51,17.04,13.28,8,0,0,0,5,4,14.744,25.472,"Kirundo, Twihaze, Cruza","DTR <= 8 & DTR > 7"
6,29.07004104,-1.25578353,1,3,32,14,8,122.4,335.2,362.22,122.4,871.92,10.5094047619048,26.04,19.13,16.57,13.52,8,0,0,0,5,2,14.458,24.813,"Kirundo, Twihaze, Cruza","DTR <= 8 & DTR > 7"
6,29.15337438,-1.25578353,1,3,32,14,8,122.4,335.2,362.22,122.4,871.92,10.5094047619048,26.04,19.13,16.57,13.52,8,0,0,0,5,2,14.458,24.813,"Kirundo, Twihaze, Cruza","DTR <= 8 & DTR > 7"
6,29.23670772,-1.25578353,1,3,32,14,8,122.4,335.2,362.22,122.4,871.92,10.5094047619048,26.04,19.13,16.57,13.52,8,0,0,0,5,2,14.458,24.813,"Kirundo, Twihaze, Cruza","DTR <= 8 & DTR > 7"
6,29.32004106,-1.25578353,1,3,32,14,8,122.4,335.2,362.22,122.4,871.92,10.5094047619048,26.04,19.13,16.57,13.52,8,0,0,0,5,2,14.458,24.813,"Kirundo, Twihaze, Cruza","DTR <= 8 & DTR > 7"
6,29.8200411,-1.42245021,1,2,32,9,8,69.41,206.83,225.68,69.41,715.46,7.92747252747253,26.22,19.38,16.15,13.22,8,0,0,0,5,1,13.85,24.981,"Kirundo, Twihaze, Cruza","DTR <= 8 & DTR > 7"
6,29.07004104,-2.67245031,1,5,50,15,13,222.76,680.83,844.87,222.76,1607.31,18.5591954022989,27.73,19.62,16.94,14.06,8,0,0,0,5,2,14.673,26.585,"Kirundo, Twihaze, Cruza","DTR <= 8 & DTR > 7"
6,28.90337436,-1.42245021,1,4,22,15,6,129.33,352.13,374.41,129.33,829.32,10.49775,26.97,19.51,17.04,13.28,8,0,0,0,5,4,14.744,25.472,"Kirundo, Twihaze, Cruza","DTR <= 8 & DTR > 7"
6,28.9867077,-1.42245021,1,4,22,15,6,129.33,352.13,374.41,129.33,829.32,10.49775,26.97,19.51,17.04,13.28,8,0,0,0,5,4,14.744,25.472,"Kirundo, Twihaze, Cruza","DTR <= 8 & DTR > 7"
6,29.07004104,-1.42245021,1,3,32,14,8,122.4,335.2,362.22,122.4,871.92,10.5094047619048,26.04,19.13,16.57,13.52,8,0,0,0,5,2,14.458,24.813,"Kirundo, Twihaze, Cruza","DTR <= 8 & DTR > 7"
6,29.15337438,-1.42245021,1,3,32,14,8,122.4,335.2,362.22,122.4,871.92,10.5094047619048,26.04,19.13,16.57,13.52,8,0,0,0,5,2,14.458,24.813,"Kirundo, Twihaze, Cruza","DTR <= 8 & DTR > 7"
6,29.23670772,-1.42245021,1,3,32,14,8,122.4,335.2,362.22,122.4,871.92,10.5094047619048,26.04,19.13,16.57,13.52,8,0,0,0,5,2,14.458,24.813,"Kirundo, Twihaze, Cruza","DTR <= 8 & DTR > 7"
6,29.32004106,-1.42245021,1,3,32,14,8,122.4,335.2,362.22,122.4,871.92,10.5094047619048,26.04,19.13,16.57,13.52,8,0,0,0,5,2,14.458,24.813,"Kirundo, Twihaze, Cruza","DTR <= 8 & DTR > 7"
6,29.4033744,-1.42245021,1,3,32,14,8,122.4,335.2,362.22,122.4,871.92,10.5094047619048,26.04,19.13,16.57,13.52,8,0,0,0,5,2,14.458,24.813,"Kirundo, Twihaze, Cruza","DTR <= 8 & DTR > 7"
6,29.48670774,-1.42245021,1,3,32,14,8,122.4,335.2,362.22,122.4,871.92,10.5094047619048,26.04,19.13,16.57,13.52,8,0,0,0,5,2,14.458,24.813,"Kirundo, Twihaze, Cruza","DTR <= 8 & DTR > 7"
6,29.57004108,-1.42245021,1,2,32,9,8,69.41,206.83,225.68,69.41,715.46,7.92747252747253,26.22,19.38,16.15,13.22,8,0,0,0,5,1,13.85,24.981,"Kirundo, Twihaze, Cruza","DTR <= 8 & DTR > 7"
6,29.65337442,-1.42245021,1,2,32,9,8,69.41,206.83,225.68,69.41,715.46,7.92747252747253,26.22,19.38,16.15,13.22,8,0,0,0,5,1,13.85,24.981,"Kirundo, Twihaze, Cruza","DTR <= 8 & DTR > 7"
6,29.73670776,-1.42245021,1,2,32,9,8,69.41,206.83,225.68,69.41,715.46,7.92747252747253,26.22,19.38,16.15,13.22,8,0,0,0,5,1,13.85,24.981,"Kirundo, Twihaze, Cruza","DTR <= 8 & DTR > 7"
6,29.15337438,-2.75578365,1,5,50,15,13,222.76,680.83,844.87,222.76,1607.31,18.5591954022989,27.73,19.62,16.94,14.06,8,0,0,0,5,2,14.673,26.585,"Kirundo, Twihaze, Cruza","DTR <= 8 & DTR > 7"
6,29.90337444,-1.42245021,1,2,32,9,8,69.41,206.83,225.68,69.41,715.46,7.92747252747253,26.22,19.38,16.15,13.22,8,0,0,0,5,1,13.85,24.981,"Kirundo, Twihaze, Cruza","DTR <= 8 & DTR > 7"
6,29.98670778,-1.42245021,1,2,32,9,8,69.41,206.83,225.68,69.41,715.46,7.92747252747253,26.22,19.38,16.15,13.22,8,0,0,0,5,1,13.85,24.981,"Kirundo, Twihaze, Cruza","DTR <= 8 & DTR > 7"
6,29.57004108,-2.42245029,1,6,22,12,7,109.07,320.47,355.05,109.07,837.8,10.4876543209877,28.16,20.04,17.4,14.44,8,0,0,0,5,2,15.04,26.522,"Kirundo, Twihaze, Cruza","DTR <= 8 & DTR > 7"
6,29.07004104,-2.58911697,1,5,50,15,13,222.76,680.83,844.87,222.76,1607.31,18.5591954022989,27.73,19.62,16.94,14.06,8,0,0,0,5,2,14.673,26.585,"Kirundo, Twihaze, Cruza","DTR <= 8 & DTR > 7"
6,28.90337436,-1.33911687,1,4,22,15,6,129.33,352.13,374.41,129.33,829.32,10.49775,26.97,19.51,17.04,13.28,8,0,0,0,5,4,14.744,25.472,"Kirundo, Twihaze, Cruza","DTR <= 8 & DTR > 7"
6,28.9867077,-1.33911687,1,4,22,15,6,129.33,352.13,374.41,129.33,829.32,10.49775,26.97,19.51,17.04,13.28,8,0,0,0,5,4,14.744,25.472,"Kirundo, Twihaze, Cruza","DTR <= 8 & DTR > 7"
6,29.07004104,-1.33911687,1,3,32,14,8,122.4,335.2,362.22,122.4,871.92,10.5094047619048,26.04,19.13,16.57,13.52,8,0,0,0,5,2,14.458,24.813,"Kirundo, Twihaze, Cruza","DTR <= 8 & DTR > 7"
6,29.15337438,-1.33911687,1,3,32,14,8,122.4,335.2,362.22,122.4,871.92,10.5094047619048,26.04,19.13,16.57,13.52,8,0,0,0,5,2,14.458,24.813,"Kirundo, Twihaze, Cruza","DTR <= 8 & DTR > 7"
6,29.23670772,-1.33911687,1,3,32,14,8,122.4,335.2,362.22,122.4,871.92,10.5094047619048,26.04,19.13,16.57,13.52,8,0,0,0,5,2,14.458,24.813,"Kirundo, Twihaze, Cruza","DTR <= 8 & DTR > 7"
6,29.32004106,-1.33911687,1,3,32,14,8,122.4,335.2,362.22,122.4,871.92,10.5094047619048,26.04,19.13,16.57,13.52,8,0,0,0,5,2,14.458,24.813,"Kirundo, Twihaze, Cruza","DTR <= 8 & DTR > 7"
6,29.8200411,-1.50578355,1,5,32,9,8,84.13,256.65,280.58,84.13,770.76,9.18858823529412,26.15,19.18,16.24,13.57,8,0,0,0,5,2,14.096,24.719,"Kirundo, Twihaze, Cruza","DTR <= 8 & DTR > 7"
6,29.07004104,-2.75578365,1,5,50,15,13,222.76,680.83,844.87,222.76,1607.31,18.5591954022989,27.73,19.62,16.94,14.06,8,0,0,0,5,2,14.673,26.585,"Kirundo, Twihaze, Cruza","DTR <= 8 & DTR > 7"
6,29.98670778,-1.50578355,1,5,32,9,8,84.13,256.65,280.58,84.13,770.76,9.18858823529412,26.15,19.18,16.24,13.57,8,0,0,0,5,2,14.096,24.719,"Kirundo, Twihaze, Cruza","DTR <= 8 & DTR > 7"
6,29.23670772,-2.75578365,1,5,50,15,13,222.76,680.83,844.87,222.76,1607.31,18.5591954022989,27.73,19.62,16.94,14.06,8,0,0,0,5,2,14.673,26.585,"Kirundo, Twihaze, Cruza","DTR <= 8 & DTR > 7"
6,29.32004106,-2.75578365,1,5,50,15,13,222.76,680.83,844.87,222.76,1607.31,18.5591954022989,27.73,19.62,16.94,14.06,8,0,0,0,5,2,14.673,26.585,"Kirundo, Twihaze, Cruza","DTR <= 8 & DTR > 7"
6,29.4033744,-2.75578365,1,5,50,15,13,222.76,680.83,844.87,222.76,1607.31,18.5591954022989,27.73,19.62,16.94,14.06,8,0,0,0,5,2,14.673,26.585,"Kirundo, Twihaze, Cruza","DTR <= 8 & DTR > 7"
6,29.48670774,-2.75578365,1,5,50,15,13,222.76,680.83,844.87,222.76,1607.31,18.5591954022989,27.73,19.62,16.94,14.06,8,0,0,0,5,2,14.673,26.585,"Kirundo, Twihaze, Cruza","DTR <= 8 & DTR > 7"
6,29.98670778,-1.75578357,1,5,32,9,8,84.13,256.65,280.58,84.13,770.76,9.18858823529412,26.15,19.18,16.24,13.57,8,0,0,0,5,2,14.096,24.719,"Kirundo, Twihaze, Cruza","DTR <= 8 & DTR > 7"
6,29.8200411,-1.67245023,1,5,32,9,8,84.13,256.65,280.58,84.13,770.76,9.18858823529412,26.15,19.18,16.24,13.57,8,0,0,0,5,2,14.096,24.719,"Kirundo, Twihaze, Cruza","DTR <= 8 & DTR > 7"
6,29.57004108,-1.92245025,1,5,32,9,8,84.13,256.65,280.58,84.13,770.76,9.18858823529412,26.15,19.18,16.24,13.57,8,0,0,0,5,2,14.096,24.719,"Kirundo, Twihaze, Cruza","DTR <= 8 & DTR > 7"
6,29.57004108,-1.50578355,1,5,32,9,8,84.13,256.65,280.58,84.13,770.76,9.18858823529412,26.15,19.18,16.24,13.57,8,0,0,0,5,2,14.096,24.719,"Kirundo, Twihaze, Cruza","DTR <= 8 & DTR > 7"
6,29.65337442,-1.50578355,1,5,32,9,8,84.13,256.65,280.58,84.13,770.76,9.18858823529412,26.15,19.18,16.24,13.57,8,0,0,0,5,2,14.096,24.719,"Kirundo, Twihaze, Cruza","DTR <= 8 & DTR > 7"
6,29.73670776,-1.50578355,1,5,32,9,8,84.13,256.65,280.58,84.13,770.76,9.18858823529412,26.15,19.18,16.24,13.57,8,0,0,0,5,2,14.096,24.719,"Kirundo, Twihaze, Cruza","DTR <= 8 & DTR > 7"
6,29.57004108,-1.83911691,1,5,32,9,8,84.13,256.65,280.58,84.13,770.76,9.18858823529412,26.15,19.18,16.24,13.57,8,0,0,0,5,2,14.096,24.719,"Kirundo, Twihaze, Cruza","DTR <= 8 & DTR > 7"
6,29.90337444,-1.50578355,1,5,32,9,8,84.13,256.65,280.58,84.13,770.76,9.18858823529412,26.15,19.18,16.24,13.57,8,0,0,0,5,2,14.096,24.719,"Kirundo, Twihaze, Cruza","DTR <= 8 & DTR > 7"
6,29.32004106,-2.83911699,1,5,50,15,13,222.76,680.83,844.87,222.76,1607.31,18.5591954022989,27.73,19.62,16.94,14.06,8,0,0,0,5,2,14.673,26.585,"Kirundo, Twihaze, Cruza","DTR <= 8 & DTR > 7"
6,29.4033744,-2.83911699,1,5,50,15,13,222.76,680.83,844.87,222.76,1607.31,18.5591954022989,27.73,19.62,16.94,14.06,8,0,0,0,5,2,14.673,26.585,"Kirundo, Twihaze, Cruza","DTR <= 8 & DTR > 7"
6,29.57004108,-2.08911693,1,6,22,12,7,109.07,320.47,355.05,109.07,837.8,10.4876543209877,28.16,20.04,17.4,14.44,8,0,0,0,5,2,15.04,26.522,"Kirundo, Twihaze, Cruza","DTR <= 8 & DTR > 7"
6,29.57004108,-1.67245023,1,5,32,9,8,84.13,256.65,280.58,84.13,770.76,9.18858823529412,26.15,19.18,16.24,13.57,8,0,0,0,5,2,14.096,24.719,"Kirundo, Twihaze, Cruza","DTR <= 8 & DTR > 7"
6,29.65337442,-1.67245023,1,5,32,9,8,84.13,256.65,280.58,84.13,770.76,9.18858823529412,26.15,19.18,16.24,13.57,8,0,0,0,5,2,14.096,24.719,"Kirundo, Twihaze, Cruza","DTR <= 8 & DTR > 7"
6,29.73670776,-1.67245023,1,5,32,9,8,84.13,256.65,280.58,84.13,770.76,9.18858823529412,26.15,19.18,16.24,13.57,8,0,0,0,5,2,14.096,24.719,"Kirundo, Twihaze, Cruza","DTR <= 8 & DTR > 7"
6,29.57004108,-1.58911689,1,5,32,9,8,84.13,256.65,280.58,84.13,770.76,9.18858823529412,26.15,19.18,16.24,13.57,8,0,0,0,5,2,14.096,24.719,"Kirundo, Twihaze, Cruza","DTR <= 8 & DTR > 7"
6,29.90337444,-1.67245023,1,5,32,9,8,84.13,256.65,280.58,84.13,770.76,9.18858823529412,26.15,19.18,16.24,13.57,8,0,0,0,5,2,14.096,24.719,"Kirundo, Twihaze, Cruza","DTR <= 8 & DTR > 7"
6,29.98670778,-1.67245023,1,5,32,9,8,84.13,256.65,280.58,84.13,770.76,9.18858823529412,26.15,19.18,16.24,13.57,8,0,0,0,5,2,14.096,24.719,"Kirundo, Twihaze, Cruza","DTR <= 8 & DTR > 7"
6,29.8200411,-1.58911689,1,5,32,9,8,84.13,256.65,280.58,84.13,770.76,9.18858823529412,26.15,19.18,16.24,13.57,8,0,0,0,5,2,14.096,24.719,"Kirundo, Twihaze, Cruza","DTR <= 8 & DTR > 7"
6,29.57004108,-2.25578361,1,6,22,12,7,109.07,320.47,355.05,109.07,837.8,10.4876543209877,28.16,20.04,17.4,14.44,8,0,0,0,5,2,15.04,26.522,"Kirundo, Twihaze, Cruza","DTR <= 8 & DTR > 7"
6,29.98670778,-1.58911689,1,5,32,9,8,84.13,256.65,280.58,84.13,770.76,9.18858823529412,26.15,19.18,16.24,13.57,8,0,0,0,5,2,14.096,24.719,"Kirundo, Twihaze, Cruza","DTR <= 8 & DTR > 7"
6,29.23670772,-2.83911699,1,5,50,15,13,222.76,680.83,844.87,222.76,1607.31,18.5591954022989,27.73,19.62,16.94,14.06,8,0,0,0,5,2,14.673,26.585,"Kirundo, Twihaze, Cruza","DTR <= 8 & DTR > 7"
6,29.57004108,-2.17245027,1,6,22,12,7,109.07,320.47,355.05,109.07,837.8,10.4876543209877,28.16,20.04,17.4,14.44,8,0,0,0,5,2,15.04,26.522,"Kirundo, Twihaze, Cruza","DTR <= 8 & DTR > 7"
6,29.57004108,-1.75578357,1,5,32,9,8,84.13,256.65,280.58,84.13,770.76,9.18858823529412,26.15,19.18,16.24,13.57,8,0,0,0,5,2,14.096,24.719,"Kirundo, Twihaze, Cruza","DTR <= 8 & DTR > 7"
6,29.48670774,-2.83911699,1,5,50,15,13,222.76,680.83,844.87,222.76,1607.31,18.5591954022989,27.73,19.62,16.94,14.06,8,0,0,0,5,2,14.673,26.585,"Kirundo, Twihaze, Cruza","DTR <= 8 & DTR > 7"
6,29.98670778,-1.83911691,1,5,32,9,8,84.13,256.65,280.58,84.13,770.76,9.18858823529412,26.15,19.18,16.24,13.57,8,0,0,0,5,2,14.096,24.719,"Kirundo, Twihaze, Cruza","DTR <= 8 & DTR > 7"
6,29.8200411,-1.75578357,1,5,32,9,8,84.13,256.65,280.58,84.13,770.76,9.18858823529412,26.15,19.18,16.24,13.57,8,0,0,0,5,2,14.096,24.719,"Kirundo, Twihaze, Cruza","DTR <= 8 & DTR > 7"
6,29.57004108,-2.00578359,1,6,22,12,7,109.07,320.47,355.05,109.07,837.8,10.4876543209877,28.16,20.04,17.4,14.44,8,0,0,0,5,2,15.04,26.522,"Kirundo, Twihaze, Cruza","DTR <= 8 & DTR > 7"
6,29.98670778,-2.17245027,1,6,22,12,7,109.07,320.47,355.05,109.07,837.8,10.4876543209877,28.16,20.04,17.4,14.44,8,0,0,0,5,2,15.04,26.522,"Kirundo, Twihaze, Cruza","DTR <= 8 & DTR > 7"
6,29.65337442,-1.58911689,1,5,32,9,8,84.13,256.65,280.58,84.13,770.76,9.18858823529412,26.15,19.18,16.24,13.57,8,0,0,0,5,2,14.096,24.719,"Kirundo, Twihaze, Cruza","DTR <= 8 & DTR > 7"
6,29.73670776,-1.58911689,1,5,32,9,8,84.13,256.65,280.58,84.13,770.76,9.18858823529412,26.15,19.18,16.24,13.57,8,0,0,0,5,2,14.096,24.719,"Kirundo, Twihaze, Cruza","DTR <= 8 & DTR > 7"
6,29.65337442,-2.33911695,1,6,22,12,7,109.07,320.47,355.05,109.07,837.8,10.4876543209877,28.16,20.04,17.4,14.44,8,0,0,0,5,2,15.04,26.522,"Kirundo, Twihaze, Cruza","DTR <= 8 & DTR > 7"
6,29.90337444,-1.58911689,1,5,32,9,8,84.13,256.65,280.58,84.13,770.76,9.18858823529412,26.15,19.18,16.24,13.57,8,0,0,0,5,2,14.096,24.719,"Kirundo, Twihaze, Cruza","DTR <= 8 & DTR > 7"
6,29.23670772,-2.50578363,1,5,50,15,13,222.76,680.83,844.87,222.76,1607.31,18.5591954022989,27.73,19.62,16.94,14.06,8,0,0,0,5,2,14.673,26.585,"Kirundo, Twihaze, Cruza","DTR <= 8 & DTR > 7"
6,29.32004106,-2.50578363,1,5,50,15,13,222.76,680.83,844.87,222.76,1607.31,18.5591954022989,27.73,19.62,16.94,14.06,8,0,0,0,5,2,14.673,26.585,"Kirundo, Twihaze, Cruza","DTR <= 8 & DTR > 7"
6,29.4033744,-2.50578363,1,5,50,15,13,222.76,680.83,844.87,222.76,1607.31,18.5591954022989,27.73,19.62,16.94,14.06,8,0,0,0,5,2,14.673,26.585,"Kirundo, Twihaze, Cruza","DTR <= 8 & DTR > 7"
6,29.48670774,-2.50578363,1,5,50,15,13,222.76,680.83,844.87,222.76,1607.31,18.5591954022989,27.73,19.62,16.94,14.06,8,0,0,0,5,2,14.673,26.585,"Kirundo, Twihaze, Cruza","DTR <= 8 & DTR > 7"
6,29.65337442,-1.75578357,1,5,32,9,8,84.13,256.65,280.58,84.13,770.76,9.18858823529412,26.15,19.18,16.24,13.57,8,0,0,0,5,2,14.096,24.719,"Kirundo, Twihaze, Cruza","DTR <= 8 & DTR > 7"
6,29.73670776,-1.75578357,1,5,32,9,8,84.13,256.65,280.58,84.13,770.76,9.18858823529412,26.15,19.18,16.24,13.57,8,0,0,0,5,2,14.096,24.719,"Kirundo, Twihaze, Cruza","DTR <= 8 & DTR > 7"
6,29.98670778,-2.25578361,1,6,22,12,7,109.07,320.47,355.05,109.07,837.8,10.4876543209877,28.16,20.04,17.4,14.44,8,0,0,0,5,2,15.04,26.522,"Kirundo, Twihaze, Cruza","DTR <= 8 & DTR > 7"
6,29.90337444,-1.75578357,1,5,32,9,8,84.13,256.65,280.58,84.13,770.76,9.18858823529412,26.15,19.18,16.24,13.57,8,0,0,0,5,2,14.096,24.719,"Kirundo, Twihaze, Cruza","DTR <= 8 & DTR > 7"
6,29.23670772,-2.67245031,1,5,50,15,13,222.76,680.83,844.87,222.76,1607.31,18.5591954022989,27.73,19.62,16.94,14.06,8,0,0,0,5,2,14.673,26.585,"Kirundo, Twihaze, Cruza","DTR <= 8 & DTR > 7"
6,29.32004106,-2.67245031,1,5,50,15,13,222.76,680.83,844.87,222.76,1607.31,18.5591954022989,27.73,19.62,16.94,14.06,8,0,0,0,5,2,14.673,26.585,"Kirundo, Twihaze, Cruza","DTR <= 8 & DTR > 7"
6,29.4033744,-2.67245031,1,5,50,15,13,222.76,680.83,844.87,222.76,1607.31,18.5591954022989,27.73,19.62,16.94,14.06,8,0,0,0,5,2,14.673,26.585,"Kirundo, Twihaze, Cruza","DTR <= 8 & DTR > 7"
6,29.48670774,-2.67245031,1,5,50,15,13,222.76,680.83,844.87,222.76,1607.31,18.5591954022989,27.73,19.62,16.94,14.06,8,0,0,0,5,2,14.673,26.585,"Kirundo, Twihaze, Cruza","DTR <= 8 & DTR > 7"
6,29.15337438,-2.50578363,1,5,50,15,13,222.76,680.83,844.87,222.76,1607.31,18.5591954022989,27.73,19.62,16.94,14.06,8,0,0,0,5,2,14.673,26.585,"Kirundo, Twihaze, Cruza","DTR <= 8 & DTR > 7"
6,29.4033744,-2.58911697,1,5,50,15,13,222.76,680.83,844.87,222.76,1607.31,18.5591954022989,27.73,19.62,16.94,14.06,8,0,0,0,5,2,14.673,26.585,"Kirundo, Twihaze, Cruza","DTR <= 8 & DTR > 7"
6,29.48670774,-2.58911697,1,5,50,15,13,222.76,680.83,844.87,222.76,1607.31,18.5591954022989,27.73,19.62,16.94,14.06,8,0,0,0,5,2,14.673,26.585,"Kirundo, Twihaze, Cruza","DTR <= 8 & DTR > 7"
6,29.65337442,-1.83911691,1,5,32,9,8,84.13,256.65,280.58,84.13,770.76,9.18858823529412,26.15,19.18,16.24,13.57,8,0,0,0,5,2,14.096,24.719,"Kirundo, Twihaze, Cruza","DTR <= 8 & DTR > 7"
6,29.73670776,-1.83911691,1,5,32,9,8,84.13,256.65,280.58,84.13,770.76,9.18858823529412,26.15,19.18,16.24,13.57,8,0,0,0,5,2,14.096,24.719,"Kirundo, Twihaze, Cruza","DTR <= 8 & DTR > 7"
6,29.8200411,-1.83911691,1,5,32,9,8,84.13,256.65,280.58,84.13,770.76,9.18858823529412,26.15,19.18,16.24,13.57,8,0,0,0,5,2,14.096,24.719,"Kirundo, Twihaze, Cruza","DTR <= 8 & DTR > 7"
6,29.90337444,-1.83911691,1,5,32,9,8,84.13,256.65,280.58,84.13,770.76,9.18858823529412,26.15,19.18,16.24,13.57,8,0,0,0,5,2,14.096,24.719,"Kirundo, Twihaze, Cruza","DTR <= 8 & DTR > 7"
6,29.73670776,-2.17245027,1,6,22,12,7,109.07,320.47,355.05,109.07,837.8,10.4876543209877,28.16,20.04,17.4,14.44,8,0,0,0,5,2,15.04,26.522,"Kirundo, Twihaze, Cruza","DTR <= 8 & DTR > 7"
6,29.15337438,-2.67245031,1,5,50,15,13,222.76,680.83,844.87,222.76,1607.31,18.5591954022989,27.73,19.62,16.94,14.06,8,0,0,0,5,2,14.673,26.585,"Kirundo, Twihaze, Cruza","DTR <= 8 & DTR > 7"
6,29.90337444,-2.17245027,1,6,22,12,7,109.07,320.47,355.05,109.07,837.8,10.4876543209877,28.16,20.04,17.4,14.44,8,0,0,0,5,2,15.04,26.522,"Kirundo, Twihaze, Cruza","DTR <= 8 & DTR > 7"
6,29.65337442,-2.42245029,1,6,22,12,7,109.07,320.47,355.05,109.07,837.8,10.4876543209877,28.16,20.04,17.4,14.44,8,0,0,0,5,2,15.04,26.522,"Kirundo, Twihaze, Cruza","DTR <= 8 & DTR > 7"
6,29.15337438,-2.58911697,1,5,50,15,13,222.76,680.83,844.87,222.76,1607.31,18.5591954022989,27.73,19.62,16.94,14.06,8,0,0,0,5,2,14.673,26.585,"Kirundo, Twihaze, Cruza","DTR <= 8 & DTR > 7"
6,29.23670772,-2.58911697,1,5,50,15,13,222.76,680.83,844.87,222.76,1607.31,18.5591954022989,27.73,19.62,16.94,14.06,8,0,0,0,5,2,14.673,26.585,"Kirundo, Twihaze, Cruza","DTR <= 8 & DTR > 7"
6,29.32004106,-2.58911697,1,5,50,15,13,222.76,680.83,844.87,222.76,1607.31,18.5591954022989,27.73,19.62,16.94,14.06,8,0,0,0,5,2,14.673,26.585,"Kirundo, Twihaze, Cruza","DTR <= 8 & DTR > 7"
6,29.65337442,-1.92245025,1,5,32,9,8,84.13,256.65,280.58,84.13,770.76,9.18858823529412,26.15,19.18,16.24,13.57,8,0,0,0,5,2,14.096,24.719,"Kirundo, Twihaze, Cruza","DTR <= 8 & DTR > 7"
6,29.73670776,-1.92245025,1,5,32,9,8,84.13,256.65,280.58,84.13,770.76,9.18858823529412,26.15,19.18,16.24,13.57,8,0,0,0,5,2,14.096,24.719,"Kirundo, Twihaze, Cruza","DTR <= 8 & DTR > 7"
6,29.8200411,-1.92245025,1,5,32,9,8,84.13,256.65,280.58,84.13,770.76,9.18858823529412,26.15,19.18,16.24,13.57,8,0,0,0,5,2,14.096,24.719,"Kirundo, Twihaze, Cruza","DTR <= 8 & DTR > 7"
6,29.90337444,-1.92245025,1,5,32,9,8,84.13,256.65,280.58,84.13,770.76,9.18858823529412,26.15,19.18,16.24,13.57,8,0,0,0,5,2,14.096,24.719,"Kirundo, Twihaze, Cruza","DTR <= 8 & DTR > 7"
6,29.98670778,-1.92245025,1,5,32,9,8,84.13,256.65,280.58,84.13,770.76,9.18858823529412,26.15,19.18,16.24,13.57,8,0,0,0,5,2,14.096,24.719,"Kirundo, Twihaze, Cruza","DTR <= 8 & DTR > 7"
6,29.65337442,-2.17245027,1,6,22,12,7,109.07,320.47,355.05,109.07,837.8,10.4876543209877,28.16,20.04,17.4,14.44,8,0,0,0,5,2,15.04,26.522,"Kirundo, Twihaze, Cruza","DTR <= 8 & DTR > 7"
6,29.90337444,-2.25578361,1,6,22,12,7,109.07,320.47,355.05,109.07,837.8,10.4876543209877,28.16,20.04,17.4,14.44,8,0,0,0,5,2,15.04,26.522,"Kirundo, Twihaze, Cruza","DTR <= 8 & DTR > 7"
6,29.8200411,-2.17245027,1,6,22,12,7,109.07,320.47,355.05,109.07,837.8,10.4876543209877,28.16,20.04,17.4,14.44,8,0,0,0,5,2,15.04,26.522,"Kirundo, Twihaze, Cruza","DTR <= 8 & DTR > 7"
6,29.65337442,-2.08911693,1,6,22,12,7,109.07,320.47,355.05,109.07,837.8,10.4876543209877,28.16,20.04,17.4,14.44,8,0,0,0,5,2,15.04,26.522,"Kirundo, Twihaze, Cruza","DTR <= 8 & DTR > 7"
6,29.73670776,-2.08911693,1,6,22,12,7,109.07,320.47,355.05,109.07,837.8,10.4876543209877,28.16,20.04,17.4,14.44,8,0,0,0,5,2,15.04,26.522,"Kirundo, Twihaze, Cruza","DTR <= 8 & DTR > 7"
6,29.8200411,-2.08911693,1,6,22,12,7,109.07,320.47,355.05,109.07,837.8,10.4876543209877,28.16,20.04,17.4,14.44,8,0,0,0,5,2,15.04,26.522,"Kirundo, Twihaze, Cruza","DTR <= 8 & DTR > 7"
6,29.90337444,-2.08911693,1,6,22,12,7,109.07,320.47,355.05,109.07,837.8,10.4876543209877,28.16,20.04,17.4,14.44,8,0,0,0,5,2,15.04,26.522,"Kirundo, Twihaze, Cruza","DTR <= 8 & DTR > 7"
6,29.98670778,-2.08911693,1,6,22,12,7,109.07,320.47,355.05,109.07,837.8,10.4876543209877,28.16,20.04,17.4,14.44,8,0,0,0,5,2,15.04,26.522,"Kirundo, Twihaze, Cruza","DTR <= 8 & DTR > 7"
6,29.8200411,-2.00578359,1,6,22,12,7,109.07,320.47,355.05,109.07,837.8,10.4876543209877,28.16,20.04,17.4,14.44,8,0,0,0,5,2,15.04,26.522,"Kirundo, Twihaze, Cruza","DTR <= 8 & DTR > 7"
6,29.90337444,-2.00578359,1,6,22,12,7,109.07,320.47,355.05,109.07,837.8,10.4876543209877,28.16,20.04,17.4,14.44,8,0,0,0,5,2,15.04,26.522,"Kirundo, Twihaze, Cruza","DTR <= 8 & DTR > 7"
6,29.98670778,-2.00578359,1,6,22,12,7,109.07,320.47,355.05,109.07,837.8,10.4876543209877,28.16,20.04,17.4,14.44,8,0,0,0,5,2,15.04,26.522,"Kirundo, Twihaze, Cruza","DTR <= 8 & DTR > 7"
6,29.65337442,-2.25578361,1,6,22,12,7,109.07,320.47,355.05,109.07,837.8,10.4876543209877,28.16,20.04,17.4,14.44,8,0,0,0,5,2,15.04,26.522,"Kirundo, Twihaze, Cruza","DTR <= 8 & DTR > 7"
6,29.73670776,-2.25578361,1,6,22,12,7,109.07,320.47,355.05,109.07,837.8,10.4876543209877,28.16,20.04,17.4,14.44,8,0,0,0,5,2,15.04,26.522,"Kirundo, Twihaze, Cruza","DTR <= 8 & DTR > 7"
6,29.8200411,-2.25578361,1,6,22,12,7,109.07,320.47,355.05,109.07,837.8,10.4876543209877,28.16,20.04,17.4,14.44,8,0,0,0,5,2,15.04,26.522,"Kirundo, Twihaze, Cruza","DTR <= 8 & DTR > 7"
6,29.8200411,-2.42245029,1,6,22,12,7,109.07,320.47,355.05,109.07,837.8,10.4876543209877,28.16,20.04,17.4,14.44,8,0,0,0,5,2,15.04,26.522,"Kirundo, Twihaze, Cruza","DTR <= 8 & DTR > 7"
6,29.65337442,-2.00578359,1,6,22,12,7,109.07,320.47,355.05,109.07,837.8,10.4876543209877,28.16,20.04,17.4,14.44,8,0,0,0,5,2,15.04,26.522,"Kirundo, Twihaze, Cruza","DTR <= 8 & DTR > 7"
6,29.73670776,-2.00578359,1,6,22,12,7,109.07,320.47,355.05,109.07,837.8,10.4876543209877,28.16,20.04,17.4,14.44,8,0,0,0,5,2,15.04,26.522,"Kirundo, Twihaze, Cruza","DTR <= 8 & DTR > 7"
6,29.73670776,-2.42245029,1,6,22,12,7,109.07,320.47,355.05,109.07,837.8,10.4876543209877,28.16,20.04,17.4,14.44,8,0,0,0,5,2,15.04,26.522,"Kirundo, Twihaze, Cruza","DTR <= 8 & DTR > 7"
6,29.98670778,-2.33911695,1,6,22,12,7,109.07,320.47,355.05,109.07,837.8,10.4876543209877,28.16,20.04,17.4,14.44,8,0,0,0,5,2,15.04,26.522,"Kirundo, Twihaze, Cruza","DTR <= 8 & DTR > 7"
6,29.73670776,-2.33911695,1,6,22,12,7,109.07,320.47,355.05,109.07,837.8,10.4876543209877,28.16,20.04,17.4,14.44,8,0,0,0,5,2,15.04,26.522,"Kirundo, Twihaze, Cruza","DTR <= 8 & DTR > 7"
6,29.8200411,-2.33911695,1,6,22,12,7,109.07,320.47,355.05,109.07,837.8,10.4876543209877,28.16,20.04,17.4,14.44,8,0,0,0,5,2,15.04,26.522,"Kirundo, Twihaze, Cruza","DTR <= 8 & DTR > 7"
6,29.90337444,-2.33911695,1,6,22,12,7,109.07,320.47,355.05,109.07,837.8,10.4876543209877,28.16,20.04,17.4,14.44,8,0,0,0,5,2,15.04,26.522,"Kirundo, Twihaze, Cruza","DTR <= 8 & DTR > 7"
6,29.90337444,-2.42245029,1,6,22,12,7,109.07,320.47,355.05,109.07,837.8,10.4876543209877,28.16,20.04,17.4,14.44,8,0,0,0,5,2,15.04,26.522,"Kirundo, Twihaze, Cruza","DTR <= 8 & DTR > 7"
6,29.98670778,-2.42245029,1,6,22,12,7,109.07,320.47,355.05,109.07,837.8,10.4876543209877,28.16,20.04,17.4,14.44,8,0,0,0,5,2,15.04,26.522,"Kirundo, Twihaze, Cruza","DTR <= 8 & DTR > 7"
7,30.73670784,-1.25578353,1,4,32,9,3,29.74,59.33,107.65,29.74,433.12,5.20835294117647,29.29,22.13,17.32,13.8,9,0,0,0,6,2,14.939,27.352,"Cruza, Seka, Ndamira","DTR > 8"
7,30.07004112,-1.42245021,1,3,32,10,5,40.08,98.46,147.81,40.08,536.09,6.17863636363636,27.59,20.36,16.04,13.36,9,0,0,0,5,1,14.06,26.089,"Cruza, Seka, Ndamira","DTR > 8"
7,30.15337446,-1.33911687,1,3,32,10,5,40.08,98.46,147.81,40.08,536.09,6.17863636363636,27.59,20.36,16.04,13.36,9,0,0,0,5,1,14.06,26.089,"Cruza, Seka, Ndamira","DTR > 8"
7,30.2367078,-1.08911685,1,3,32,10,5,40.08,98.46,147.81,40.08,536.09,6.17863636363636,27.59,20.36,16.04,13.36,9,0,0,0,5,1,14.06,26.089,"Cruza, Seka, Ndamira","DTR > 8"
7,30.73670784,-1.17245019,1,4,32,9,3,29.74,59.33,107.65,29.74,433.12,5.20835294117647,29.29,22.13,17.32,13.8,9,0,0,0,6,2,14.939,27.352,"Cruza, Seka, Ndamira","DTR > 8"
7,30.07004112,-1.33911687,1,3,32,10,5,40.08,98.46,147.81,40.08,536.09,6.17863636363636,27.59,20.36,16.04,13.36,9,0,0,0,5,1,14.06,26.089,"Cruza, Seka, Ndamira","DTR > 8"
7,30.6533745,-1.17245019,1,4,32,9,3,29.74,59.33,107.65,29.74,433.12,5.20835294117647,29.29,22.13,17.32,13.8,9,0,0,0,6,2,14.939,27.352,"Cruza, Seka, Ndamira","DTR > 8"
7,30.73670784,-1.58911689,1,4,32,6,3,35.86,58.02,120.46,35.86,455.41,5.53738095238095,29.76,21.78,17.52,14.24,9,0,0,0,6,4,15.142,27.9,"Cruza, Seka, Ndamira","DTR > 8"
7,30.2367078,-1.50578355,1,4,32,8,6,52.02,128.53,169.3,52.02,582.16,6.87186046511628,27.99,20.75,16.32,13.45,9,0,0,0,6,3,14.158,26.317,"Cruza, Seka, Ndamira","DTR > 8"
7,30.15337446,-1.42245021,1,3,32,10,5,40.08,98.46,147.81,40.08,536.09,6.17863636363636,27.59,20.36,16.04,13.36,9,0,0,0,5,1,14.06,26.089,"Cruza, Seka, Ndamira","DTR > 8"
7,30.07004112,-1.17245019,1,3,32,10,5,40.08,98.46,147.81,40.08,536.09,6.17863636363636,27.59,20.36,16.04,13.36,9,0,0,0,5,1,14.06,26.089,"Cruza, Seka, Ndamira","DTR > 8"
7,30.73670784,-1.42245021,1,4,32,9,3,29.74,59.33,107.65,29.74,433.12,5.20835294117647,29.29,22.13,17.32,13.8,9,0,0,0,6,2,14.939,27.352,"Cruza, Seka, Ndamira","DTR > 8"
7,30.07004112,-1.25578353,1,3,32,10,5,40.08,98.46,147.81,40.08,536.09,6.17863636363636,27.59,20.36,16.04,13.36,9,0,0,0,5,1,14.06,26.089,"Cruza, Seka, Ndamira","DTR > 8"
7,30.73670784,-1.50578355,1,4,32,6,3,35.86,58.02,120.46,35.86,455.41,5.53738095238095,29.76,21.78,17.52,14.24,9,0,0,0,6,4,15.142,27.9,"Cruza, Seka, Ndamira","DTR > 8"
7,30.07004112,-1.50578355,1,4,32,8,6,52.02,128.53,169.3,52.02,582.16,6.87186046511628,27.99,20.75,16.32,13.45,9,0,0,0,6,3,14.158,26.317,"Cruza, Seka, Ndamira","DTR > 8"
7,30.15337446,-1.08911685,1,3,32,10,5,40.08,98.46,147.81,40.08,536.09,6.17863636363636,27.59,20.36,16.04,13.36,9,0,0,0,5,1,14.06,26.089,"Cruza, Seka, Ndamira","DTR > 8"
7,30.15337446,-1.50578355,1,4,32,8,6,52.02,128.53,169.3,52.02,582.16,6.87186046511628,27.99,20.75,16.32,13.45,9,0,0,0,6,3,14.158,26.317,"Cruza, Seka, Ndamira","DTR > 8"
7,30.6533745,-1.25578353,1,4,32,9,3,29.74,59.33,107.65,29.74,433.12,5.20835294117647,29.29,22.13,17.32,13.8,9,0,0,0,6,2,14.939,27.352,"Cruza, Seka, Ndamira","DTR > 8"
7,30.73670784,-1.67245023,1,4,32,6,3,35.86,58.02,120.46,35.86,455.41,5.53738095238095,29.76,21.78,17.52,14.24,9,0,0,0,6,4,15.142,27.9,"Cruza, Seka, Ndamira","DTR > 8"
7,30.82004118,-1.67245023,1,4,32,6,3,35.86,58.02,120.46,35.86,455.41,5.53738095238095,29.76,21.78,17.52,14.24,9,0,0,0,6,4,15.142,27.9,"Cruza, Seka, Ndamira","DTR > 8"
7,30.2367078,-1.42245021,1,3,32,10,5,40.08,98.46,147.81,40.08,536.09,6.17863636363636,27.59,20.36,16.04,13.36,9,0,0,0,5,1,14.06,26.089,"Cruza, Seka, Ndamira","DTR > 8"
7,30.82004118,-1.58911689,1,4,32,6,3,35.86,58.02,120.46,35.86,455.41,5.53738095238095,29.76,21.78,17.52,14.24,9,0,0,0,6,4,15.142,27.9,"Cruza, Seka, Ndamira","DTR > 8"
7,30.2367078,-1.33911687,1,3,32,10,5,40.08,98.46,147.81,40.08,536.09,6.17863636363636,27.59,20.36,16.04,13.36,9,0,0,0,5,1,14.06,26.089,"Cruza, Seka, Ndamira","DTR > 8"
7,30.15337446,-1.25578353,1,3,32,10,5,40.08,98.46,147.81,40.08,536.09,6.17863636363636,27.59,20.36,16.04,13.36,9,0,0,0,5,1,14.06,26.089,"Cruza, Seka, Ndamira","DTR > 8"
7,30.2367078,-1.25578353,1,3,32,10,5,40.08,98.46,147.81,40.08,536.09,6.17863636363636,27.59,20.36,16.04,13.36,9,0,0,0,5,1,14.06,26.089,"Cruza, Seka, Ndamira","DTR > 8"
7,30.07004112,-1.08911685,1,3,32,10,5,40.08,98.46,147.81,40.08,536.09,6.17863636363636,27.59,20.36,16.04,13.36,9,0,0,0,5,1,14.06,26.089,"Cruza, Seka, Ndamira","DTR > 8"
7,30.73670784,-1.33911687,1,4,32,9,3,29.74,59.33,107.65,29.74,433.12,5.20835294117647,29.29,22.13,17.32,13.8,9,0,0,0,6,2,14.939,27.352,"Cruza, Seka, Ndamira","DTR > 8"
7,30.2367078,-1.17245019,1,3,32,10,5,40.08,98.46,147.81,40.08,536.09,6.17863636363636,27.59,20.36,16.04,13.36,9,0,0,0,5,1,14.06,26.089,"Cruza, Seka, Ndamira","DTR > 8"
7,29.57004108,-2.50578363,1,6,32,16,10,185.16,525.46,653.5,185.16,1270.8,15.6175609756098,28.91,20.4,17.13,14.09,9,0,0,0,5,1,14.566,27.641,"Cruza, Seka, Ndamira","DTR > 8"
7,30.32004114,-1.17245019,1,3,32,10,5,40.08,98.46,147.81,40.08,536.09,6.17863636363636,27.59,20.36,16.04,13.36,9,0,0,0,5,1,14.06,26.089,"Cruza, Seka, Ndamira","DTR > 8"
7,30.40337448,-1.17245019,1,3,32,10,5,40.08,98.46,147.81,40.08,536.09,6.17863636363636,27.59,20.36,16.04,13.36,9,0,0,0,5,1,14.06,26.089,"Cruza, Seka, Ndamira","DTR > 8"
7,30.48670782,-1.17245019,1,3,32,10,5,40.08,98.46,147.81,40.08,536.09,6.17863636363636,27.59,20.36,16.04,13.36,9,0,0,0,5,1,14.06,26.089,"Cruza, Seka, Ndamira","DTR > 8"
7,30.57004116,-1.17245019,1,4,32,9,3,29.74,59.33,107.65,29.74,433.12,5.20835294117647,29.29,22.13,17.32,13.8,9,0,0,0,6,2,14.939,27.352,"Cruza, Seka, Ndamira","DTR > 8"
7,29.57004108,-2.75578365,1,6,32,16,10,185.16,525.46,653.5,185.16,1270.8,15.6175609756098,28.91,20.4,17.13,14.09,9,0,0,0,5,1,14.566,27.641,"Cruza, Seka, Ndamira","DTR > 8"
7,30.07004112,-1.75578357,1,4,32,8,6,52.02,128.53,169.3,52.02,582.16,6.87186046511628,27.99,20.75,16.32,13.45,9,0,0,0,6,3,14.158,26.317,"Cruza, Seka, Ndamira","DTR > 8"
7,30.15337446,-1.75578357,1,4,32,8,6,52.02,128.53,169.3,52.02,582.16,6.87186046511628,27.99,20.75,16.32,13.45,9,0,0,0,6,3,14.158,26.317,"Cruza, Seka, Ndamira","DTR > 8"
7,30.07004112,-1.67245023,1,4,32,8,6,52.02,128.53,169.3,52.02,582.16,6.87186046511628,27.99,20.75,16.32,13.45,9,0,0,0,6,3,14.158,26.317,"Cruza, Seka, Ndamira","DTR > 8"
7,30.73670784,-1.08911685,1,4,32,9,3,29.74,59.33,107.65,29.74,433.12,5.20835294117647,29.29,22.13,17.32,13.8,9,0,0,0,6,2,14.939,27.352,"Cruza, Seka, Ndamira","DTR > 8"
7,30.07004112,-1.58911689,1,4,32,8,6,52.02,128.53,169.3,52.02,582.16,6.87186046511628,27.99,20.75,16.32,13.45,9,0,0,0,6,3,14.158,26.317,"Cruza, Seka, Ndamira","DTR > 8"
7,30.15337446,-1.17245019,1,3,32,10,5,40.08,98.46,147.81,40.08,536.09,6.17863636363636,27.59,20.36,16.04,13.36,9,0,0,0,5,1,14.06,26.089,"Cruza, Seka, Ndamira","DTR > 8"
7,30.15337446,-1.58911689,1,4,32,8,6,52.02,128.53,169.3,52.02,582.16,6.87186046511628,27.99,20.75,16.32,13.45,9,0,0,0,6,3,14.158,26.317,"Cruza, Seka, Ndamira","DTR > 8"
7,30.2367078,-1.58911689,1,4,32,8,6,52.02,128.53,169.3,52.02,582.16,6.87186046511628,27.99,20.75,16.32,13.45,9,0,0,0,6,3,14.158,26.317,"Cruza, Seka, Ndamira","DTR > 8"
7,30.73670784,-1.75578357,1,4,32,6,3,35.86,58.02,120.46,35.86,455.41,5.53738095238095,29.76,21.78,17.52,14.24,9,0,0,0,6,4,15.142,27.9,"Cruza, Seka, Ndamira","DTR > 8"
7,30.82004118,-1.75578357,1,4,32,6,3,35.86,58.02,120.46,35.86,455.41,5.53738095238095,29.76,21.78,17.52,14.24,9,0,0,0,6,4,15.142,27.9,"Cruza, Seka, Ndamira","DTR > 8"
7,30.82004118,-1.33911687,1,4,32,9,3,29.74,59.33,107.65,29.74,433.12,5.20835294117647,29.29,22.13,17.32,13.8,9,0,0,0,6,2,14.939,27.352,"Cruza, Seka, Ndamira","DTR > 8"
7,30.32004114,-1.08911685,1,3,32,10,5,40.08,98.46,147.81,40.08,536.09,6.17863636363636,27.59,20.36,16.04,13.36,9,0,0,0,5,1,14.06,26.089,"Cruza, Seka, Ndamira","DTR > 8"
7,30.40337448,-1.08911685,1,3,32,10,5,40.08,98.46,147.81,40.08,536.09,6.17863636363636,27.59,20.36,16.04,13.36,9,0,0,0,5,1,14.06,26.089,"Cruza, Seka, Ndamira","DTR > 8"
7,30.48670782,-1.08911685,1,3,32,10,5,40.08,98.46,147.81,40.08,536.09,6.17863636363636,27.59,20.36,16.04,13.36,9,0,0,0,5,1,14.06,26.089,"Cruza, Seka, Ndamira","DTR > 8"
7,30.57004116,-1.08911685,1,4,32,9,3,29.74,59.33,107.65,29.74,433.12,5.20835294117647,29.29,22.13,17.32,13.8,9,0,0,0,6,2,14.939,27.352,"Cruza, Seka, Ndamira","DTR > 8"
7,30.82004118,-1.17245019,1,4,32,9,3,29.74,59.33,107.65,29.74,433.12,5.20835294117647,29.29,22.13,17.32,13.8,9,0,0,0,6,2,14.939,27.352,"Cruza, Seka, Ndamira","DTR > 8"
7,30.32004114,-1.33911687,1,3,32,10,5,40.08,98.46,147.81,40.08,536.09,6.17863636363636,27.59,20.36,16.04,13.36,9,0,0,0,5,1,14.06,26.089,"Cruza, Seka, Ndamira","DTR > 8"
7,30.82004118,-1.08911685,1,4,32,9,3,29.74,59.33,107.65,29.74,433.12,5.20835294117647,29.29,22.13,17.32,13.8,9,0,0,0,6,2,14.939,27.352,"Cruza, Seka, Ndamira","DTR > 8"
7,29.57004108,-2.58911697,1,6,32,16,10,185.16,525.46,653.5,185.16,1270.8,15.6175609756098,28.91,20.4,17.13,14.09,9,0,0,0,5,1,14.566,27.641,"Cruza, Seka, Ndamira","DTR > 8"
7,30.32004114,-1.25578353,1,3,32,10,5,40.08,98.46,147.81,40.08,536.09,6.17863636363636,27.59,20.36,16.04,13.36,9,0,0,0,5,1,14.06,26.089,"Cruza, Seka, Ndamira","DTR > 8"
7,30.40337448,-1.25578353,1,3,32,10,5,40.08,98.46,147.81,40.08,536.09,6.17863636363636,27.59,20.36,16.04,13.36,9,0,0,0,5,1,14.06,26.089,"Cruza, Seka, Ndamira","DTR > 8"
7,30.48670782,-1.25578353,1,3,32,10,5,40.08,98.46,147.81,40.08,536.09,6.17863636363636,27.59,20.36,16.04,13.36,9,0,0,0,5,1,14.06,26.089,"Cruza, Seka, Ndamira","DTR > 8"
7,30.57004116,-1.25578353,1,4,32,9,3,29.74,59.33,107.65,29.74,433.12,5.20835294117647,29.29,22.13,17.32,13.8,9,0,0,0,6,2,14.939,27.352,"Cruza, Seka, Ndamira","DTR > 8"
7,29.57004108,-2.83911699,1,6,32,16,10,185.16,525.46,653.5,185.16,1270.8,15.6175609756098,28.91,20.4,17.13,14.09,9,0,0,0,5,1,14.566,27.641,"Cruza, Seka, Ndamira","DTR > 8"
7,30.07004112,-1.83911691,1,4,32,8,6,52.02,128.53,169.3,52.02,582.16,6.87186046511628,27.99,20.75,16.32,13.45,9,0,0,0,6,3,14.158,26.317,"Cruza, Seka, Ndamira","DTR > 8"
7,30.15337446,-1.83911691,1,4,32,8,6,52.02,128.53,169.3,52.02,582.16,6.87186046511628,27.99,20.75,16.32,13.45,9,0,0,0,6,3,14.158,26.317,"Cruza, Seka, Ndamira","DTR > 8"
7,30.82004118,-1.25578353,1,4,32,9,3,29.74,59.33,107.65,29.74,433.12,5.20835294117647,29.29,22.13,17.32,13.8,9,0,0,0,6,2,14.939,27.352,"Cruza, Seka, Ndamira","DTR > 8"
7,30.32004114,-1.42245021,1,3,32,10,5,40.08,98.46,147.81,40.08,536.09,6.17863636363636,27.59,20.36,16.04,13.36,9,0,0,0,5,1,14.06,26.089,"Cruza, Seka, Ndamira","DTR > 8"
7,30.6533745,-1.08911685,1,4,32,9,3,29.74,59.33,107.65,29.74,433.12,5.20835294117647,29.29,22.13,17.32,13.8,9,0,0,0,6,2,14.939,27.352,"Cruza, Seka, Ndamira","DTR > 8"
7,29.57004108,-2.67245031,1,6,32,16,10,185.16,525.46,653.5,185.16,1270.8,15.6175609756098,28.91,20.4,17.13,14.09,9,0,0,0,5,1,14.566,27.641,"Cruza, Seka, Ndamira","DTR > 8"
7,30.15337446,-1.67245023,1,4,32,8,6,52.02,128.53,169.3,52.02,582.16,6.87186046511628,27.99,20.75,16.32,13.45,9,0,0,0,6,3,14.158,26.317,"Cruza, Seka, Ndamira","DTR > 8"
7,30.2367078,-1.67245023,1,4,32,8,6,52.02,128.53,169.3,52.02,582.16,6.87186046511628,27.99,20.75,16.32,13.45,9,0,0,0,6,3,14.158,26.317,"Cruza, Seka, Ndamira","DTR > 8"
7,30.73670784,-1.83911691,1,4,32,6,3,35.86,58.02,120.46,35.86,455.41,5.53738095238095,29.76,21.78,17.52,14.24,9,0,0,0,6,4,15.142,27.9,"Cruza, Seka, Ndamira","DTR > 8"
7,30.82004118,-1.83911691,1,4,32,6,3,35.86,58.02,120.46,35.86,455.41,5.53738095238095,29.76,21.78,17.52,14.24,9,0,0,0,6,4,15.142,27.9,"Cruza, Seka, Ndamira","DTR > 8"
7,30.82004118,-1.42245021,1,4,32,9,3,29.74,59.33,107.65,29.74,433.12,5.20835294117647,29.29,22.13,17.32,13.8,9,0,0,0,6,2,14.939,27.352,"Cruza, Seka, Ndamira","DTR > 8"
7,30.32004114,-1.58911689,1,4,32,8,6,52.02,128.53,169.3,52.02,582.16,6.87186046511628,27.99,20.75,16.32,13.45,9,0,0,0,6,3,14.158,26.317,"Cruza, Seka, Ndamira","DTR > 8"
7,30.40337448,-1.58911689,1,4,32,8,6,52.02,128.53,169.3,52.02,582.16,6.87186046511628,27.99,20.75,16.32,13.45,9,0,0,0,6,3,14.158,26.317,"Cruza, Seka, Ndamira","DTR > 8"
7,30.48670782,-1.58911689,1,4,32,8,6,52.02,128.53,169.3,52.02,582.16,6.87186046511628,27.99,20.75,16.32,13.45,9,0,0,0,6,3,14.158,26.317,"Cruza, Seka, Ndamira","DTR > 8"
7,30.57004116,-1.58911689,1,4,32,6,3,35.86,58.02,120.46,35.86,455.41,5.53738095238095,29.76,21.78,17.52,14.24,9,0,0,0,6,4,15.142,27.9,"Cruza, Seka, Ndamira","DTR > 8"
7,30.6533745,-1.58911689,1,4,32,6,3,35.86,58.02,120.46,35.86,455.41,5.53738095238095,29.76,21.78,17.52,14.24,9,0,0,0,6,4,15.142,27.9,"Cruza, Seka, Ndamira","DTR > 8"
7,30.73670784,-2.00578359,1,6,13,16,5,40.87,106.32,156.77,40.87,594.51,7.70063291139241,30.09,21.26,17.81,14.02,9,1,0,0,6,2,15.16,28.398,"Cruza, Seka, Ndamira","DTR > 8"
7,29.65337442,-2.75578365,1,6,32,16,10,185.16,525.46,653.5,185.16,1270.8,15.6175609756098,28.91,20.4,17.13,14.09,9,0,0,0,5,1,14.566,27.641,"Cruza, Seka, Ndamira","DTR > 8"
7,30.2367078,-1.75578357,1,4,32,8,6,52.02,128.53,169.3,52.02,582.16,6.87186046511628,27.99,20.75,16.32,13.45,9,0,0,0,6,3,14.158,26.317,"Cruza, Seka, Ndamira","DTR > 8"
7,30.32004114,-1.75578357,1,4,32,8,6,52.02,128.53,169.3,52.02,582.16,6.87186046511628,27.99,20.75,16.32,13.45,9,0,0,0,6,3,14.158,26.317,"Cruza, Seka, Ndamira","DTR > 8"
7,30.40337448,-1.33911687,1,3,32,10,5,40.08,98.46,147.81,40.08,536.09,6.17863636363636,27.59,20.36,16.04,13.36,9,0,0,0,5,1,14.06,26.089,"Cruza, Seka, Ndamira","DTR > 8"
7,30.48670782,-1.33911687,1,3,32,10,5,40.08,98.46,147.81,40.08,536.09,6.17863636363636,27.59,20.36,16.04,13.36,9,0,0,0,5,1,14.06,26.089,"Cruza, Seka, Ndamira","DTR > 8"
7,30.57004116,-1.33911687,1,4,32,9,3,29.74,59.33,107.65,29.74,433.12,5.20835294117647,29.29,22.13,17.32,13.8,9,0,0,0,6,2,14.939,27.352,"Cruza, Seka, Ndamira","DTR > 8"
7,30.6533745,-1.33911687,1,4,32,9,3,29.74,59.33,107.65,29.74,433.12,5.20835294117647,29.29,22.13,17.32,13.8,9,0,0,0,6,2,14.939,27.352,"Cruza, Seka, Ndamira","DTR > 8"
7,30.07004112,-1.92245025,1,4,32,8,6,52.02,128.53,169.3,52.02,582.16,6.87186046511628,27.99,20.75,16.32,13.45,9,0,0,0,6,3,14.158,26.317,"Cruza, Seka, Ndamira","DTR > 8"
7,30.15337446,-1.92245025,1,4,32,8,6,52.02,128.53,169.3,52.02,582.16,6.87186046511628,27.99,20.75,16.32,13.45,9,0,0,0,6,3,14.158,26.317,"Cruza, Seka, Ndamira","DTR > 8"
7,30.2367078,-1.92245025,1,4,32,8,6,52.02,128.53,169.3,52.02,582.16,6.87186046511628,27.99,20.75,16.32,13.45,9,0,0,0,6,3,14.158,26.317,"Cruza, Seka, Ndamira","DTR > 8"
7,30.32004114,-1.50578355,1,4,32,8,6,52.02,128.53,169.3,52.02,582.16,6.87186046511628,27.99,20.75,16.32,13.45,9,0,0,0,6,3,14.158,26.317,"Cruza, Seka, Ndamira","DTR > 8"
7,30.40337448,-1.50578355,1,4,32,8,6,52.02,128.53,169.3,52.02,582.16,6.87186046511628,27.99,20.75,16.32,13.45,9,0,0,0,6,3,14.158,26.317,"Cruza, Seka, Ndamira","DTR > 8"
7,30.48670782,-1.50578355,1,4,32,8,6,52.02,128.53,169.3,52.02,582.16,6.87186046511628,27.99,20.75,16.32,13.45,9,0,0,0,6,3,14.158,26.317,"Cruza, Seka, Ndamira","DTR > 8"
7,30.57004116,-1.50578355,1,4,32,6,3,35.86,58.02,120.46,35.86,455.41,5.53738095238095,29.76,21.78,17.52,14.24,9,0,0,0,6,4,15.142,27.9,"Cruza, Seka, Ndamira","DTR > 8"
7,30.6533745,-1.50578355,1,4,32,6,3,35.86,58.02,120.46,35.86,455.41,5.53738095238095,29.76,21.78,17.52,14.24,9,0,0,0,6,4,15.142,27.9,"Cruza, Seka, Ndamira","DTR > 8"
7,30.73670784,-1.92245025,1,4,32,6,3,35.86,58.02,120.46,35.86,455.41,5.53738095238095,29.76,21.78,17.52,14.24,9,0,0,0,6,4,15.142,27.9,"Cruza, Seka, Ndamira","DTR > 8"
7,30.82004118,-1.92245025,1,4,32,6,3,35.86,58.02,120.46,35.86,455.41,5.53738095238095,29.76,21.78,17.52,14.24,9,0,0,0,6,4,15.142,27.9,"Cruza, Seka, Ndamira","DTR > 8"
7,30.82004118,-1.50578355,1,4,32,6,3,35.86,58.02,120.46,35.86,455.41,5.53738095238095,29.76,21.78,17.52,14.24,9,0,0,0,6,4,15.142,27.9,"Cruza, Seka, Ndamira","DTR > 8"
7,30.32004114,-1.67245023,1,4,32,8,6,52.02,128.53,169.3,52.02,582.16,6.87186046511628,27.99,20.75,16.32,13.45,9,0,0,0,6,3,14.158,26.317,"Cruza, Seka, Ndamira","DTR > 8"
7,30.40337448,-1.67245023,1,4,32,8,6,52.02,128.53,169.3,52.02,582.16,6.87186046511628,27.99,20.75,16.32,13.45,9,0,0,0,6,3,14.158,26.317,"Cruza, Seka, Ndamira","DTR > 8"
7,30.48670782,-1.67245023,1,4,32,8,6,52.02,128.53,169.3,52.02,582.16,6.87186046511628,27.99,20.75,16.32,13.45,9,0,0,0,6,3,14.158,26.317,"Cruza, Seka, Ndamira","DTR > 8"
7,30.57004116,-1.67245023,1,4,32,6,3,35.86,58.02,120.46,35.86,455.41,5.53738095238095,29.76,21.78,17.52,14.24,9,0,0,0,6,4,15.142,27.9,"Cruza, Seka, Ndamira","DTR > 8"
7,30.6533745,-1.67245023,1,4,32,6,3,35.86,58.02,120.46,35.86,455.41,5.53738095238095,29.76,21.78,17.52,14.24,9,0,0,0,6,4,15.142,27.9,"Cruza, Seka, Ndamira","DTR > 8"
7,30.73670784,-2.08911693,1,6,13,16,5,40.87,106.32,156.77,40.87,594.51,7.70063291139241,30.09,21.26,17.81,14.02,9,1,0,0,6,2,15.16,28.398,"Cruza, Seka, Ndamira","DTR > 8"
7,29.65337442,-2.83911699,1,6,32,16,10,185.16,525.46,653.5,185.16,1270.8,15.6175609756098,28.91,20.4,17.13,14.09,9,0,0,0,5,1,14.566,27.641,"Cruza, Seka, Ndamira","DTR > 8"
7,30.2367078,-1.83911691,1,4,32,8,6,52.02,128.53,169.3,52.02,582.16,6.87186046511628,27.99,20.75,16.32,13.45,9,0,0,0,6,3,14.158,26.317,"Cruza, Seka, Ndamira","DTR > 8"
7,30.32004114,-1.83911691,1,4,32,8,6,52.02,128.53,169.3,52.02,582.16,6.87186046511628,27.99,20.75,16.32,13.45,9,0,0,0,6,3,14.158,26.317,"Cruza, Seka, Ndamira","DTR > 8"
7,30.40337448,-1.42245021,1,3,32,10,5,40.08,98.46,147.81,40.08,536.09,6.17863636363636,27.59,20.36,16.04,13.36,9,0,0,0,5,1,14.06,26.089,"Cruza, Seka, Ndamira","DTR > 8"
7,30.48670782,-1.42245021,1,3,32,10,5,40.08,98.46,147.81,40.08,536.09,6.17863636363636,27.59,20.36,16.04,13.36,9,0,0,0,5,1,14.06,26.089,"Cruza, Seka, Ndamira","DTR > 8"
7,30.57004116,-1.42245021,1,4,32,9,3,29.74,59.33,107.65,29.74,433.12,5.20835294117647,29.29,22.13,17.32,13.8,9,0,0,0,6,2,14.939,27.352,"Cruza, Seka, Ndamira","DTR > 8"
7,30.6533745,-1.42245021,1,4,32,9,3,29.74,59.33,107.65,29.74,433.12,5.20835294117647,29.29,22.13,17.32,13.8,9,0,0,0,6,2,14.939,27.352,"Cruza, Seka, Ndamira","DTR > 8"
7,30.07004112,-2.00578359,1,6,15,16,6,72.18,185.09,219.27,72.18,678.94,8.89717948717949,29.37,21.19,17.19,13.78,9,0,0,0,6,2,14.877,27.782,"Cruza, Seka, Ndamira","DTR > 8"
7,30.15337446,-2.00578359,1,6,15,16,6,72.18,185.09,219.27,72.18,678.94,8.89717948717949,29.37,21.19,17.19,13.78,9,0,0,0,6,2,14.877,27.782,"Cruza, Seka, Ndamira","DTR > 8"
7,30.2367078,-2.00578359,1,6,15,16,6,72.18,185.09,219.27,72.18,678.94,8.89717948717949,29.37,21.19,17.19,13.78,9,0,0,0,6,2,14.877,27.782,"Cruza, Seka, Ndamira","DTR > 8"
7,30.32004114,-2.00578359,1,6,15,16,6,72.18,185.09,219.27,72.18,678.94,8.89717948717949,29.37,21.19,17.19,13.78,9,0,0,0,6,2,14.877,27.782,"Cruza, Seka, Ndamira","DTR > 8"
7,30.40337448,-2.00578359,1,6,15,16,6,72.18,185.09,219.27,72.18,678.94,8.89717948717949,29.37,21.19,17.19,13.78,9,0,0,0,6,2,14.877,27.782,"Cruza, Seka, Ndamira","DTR > 8"
7,30.48670782,-2.00578359,1,6,15,16,6,72.18,185.09,219.27,72.18,678.94,8.89717948717949,29.37,21.19,17.19,13.78,9,0,0,0,6,2,14.877,27.782,"Cruza, Seka, Ndamira","DTR > 8"
7,30.57004116,-2.00578359,1,6,13,16,5,40.87,106.32,156.77,40.87,594.51,7.70063291139241,30.09,21.26,17.81,14.02,9,1,0,0,6,2,15.16,28.398,"Cruza, Seka, Ndamira","DTR > 8"
7,30.6533745,-2.00578359,1,6,13,16,5,40.87,106.32,156.77,40.87,594.51,7.70063291139241,30.09,21.26,17.81,14.02,9,1,0,0,6,2,15.16,28.398,"Cruza, Seka, Ndamira","DTR > 8"
7,30.07004112,-2.17245027,1,6,15,16,6,72.18,185.09,219.27,72.18,678.94,8.89717948717949,29.37,21.19,17.19,13.78,9,0,0,0,6,2,14.877,27.782,"Cruza, Seka, Ndamira","DTR > 8"
7,30.82004118,-2.00578359,1,6,13,16,5,40.87,106.32,156.77,40.87,594.51,7.70063291139241,30.09,21.26,17.81,14.02,9,1,0,0,6,2,15.16,28.398,"Cruza, Seka, Ndamira","DTR > 8"
7,30.2367078,-2.17245027,1,6,15,16,6,72.18,185.09,219.27,72.18,678.94,8.89717948717949,29.37,21.19,17.19,13.78,9,0,0,0,6,2,14.877,27.782,"Cruza, Seka, Ndamira","DTR > 8"
7,30.32004114,-2.17245027,1,6,15,16,6,72.18,185.09,219.27,72.18,678.94,8.89717948717949,29.37,21.19,17.19,13.78,9,0,0,0,6,2,14.877,27.782,"Cruza, Seka, Ndamira","DTR > 8"
7,30.40337448,-1.75578357,1,4,32,8,6,52.02,128.53,169.3,52.02,582.16,6.87186046511628,27.99,20.75,16.32,13.45,9,0,0,0,6,3,14.158,26.317,"Cruza, Seka, Ndamira","DTR > 8"
7,30.48670782,-1.75578357,1,4,32,8,6,52.02,128.53,169.3,52.02,582.16,6.87186046511628,27.99,20.75,16.32,13.45,9,0,0,0,6,3,14.158,26.317,"Cruza, Seka, Ndamira","DTR > 8"
7,30.57004116,-1.75578357,1,4,32,6,3,35.86,58.02,120.46,35.86,455.41,5.53738095238095,29.76,21.78,17.52,14.24,9,0,0,0,6,4,15.142,27.9,"Cruza, Seka, Ndamira","DTR > 8"
7,30.6533745,-1.75578357,1,4,32,6,3,35.86,58.02,120.46,35.86,455.41,5.53738095238095,29.76,21.78,17.52,14.24,9,0,0,0,6,4,15.142,27.9,"Cruza, Seka, Ndamira","DTR > 8"
7,30.73670784,-2.17245027,1,6,13,16,5,40.87,106.32,156.77,40.87,594.51,7.70063291139241,30.09,21.26,17.81,14.02,9,1,0,0,6,2,15.16,28.398,"Cruza, Seka, Ndamira","DTR > 8"
7,30.82004118,-2.17245027,1,6,13,16,5,40.87,106.32,156.77,40.87,594.51,7.70063291139241,30.09,21.26,17.81,14.02,9,1,0,0,6,2,15.16,28.398,"Cruza, Seka, Ndamira","DTR > 8"
7,29.65337442,-2.50578363,1,6,32,16,10,185.16,525.46,653.5,185.16,1270.8,15.6175609756098,28.91,20.4,17.13,14.09,9,0,0,0,5,1,14.566,27.641,"Cruza, Seka, Ndamira","DTR > 8"
7,30.32004114,-1.92245025,1,4,32,8,6,52.02,128.53,169.3,52.02,582.16,6.87186046511628,27.99,20.75,16.32,13.45,9,0,0,0,6,3,14.158,26.317,"Cruza, Seka, Ndamira","DTR > 8"
7,30.40337448,-1.92245025,1,4,32,8,6,52.02,128.53,169.3,52.02,582.16,6.87186046511628,27.99,20.75,16.32,13.45,9,0,0,0,6,3,14.158,26.317,"Cruza, Seka, Ndamira","DTR > 8"
7,30.48670782,-1.92245025,1,4,32,8,6,52.02,128.53,169.3,52.02,582.16,6.87186046511628,27.99,20.75,16.32,13.45,9,0,0,0,6,3,14.158,26.317,"Cruza, Seka, Ndamira","DTR > 8"
7,30.57004116,-1.92245025,1,4,32,6,3,35.86,58.02,120.46,35.86,455.41,5.53738095238095,29.76,21.78,17.52,14.24,9,0,0,0,6,4,15.142,27.9,"Cruza, Seka, Ndamira","DTR > 8"
7,30.6533745,-1.92245025,1,4,32,6,3,35.86,58.02,120.46,35.86,455.41,5.53738095238095,29.76,21.78,17.52,14.24,9,0,0,0,6,4,15.142,27.9,"Cruza, Seka, Ndamira","DTR > 8"
7,30.07004112,-2.08911693,1,6,15,16,6,72.18,185.09,219.27,72.18,678.94,8.89717948717949,29.37,21.19,17.19,13.78,9,0,0,0,6,2,14.877,27.782,"Cruza, Seka, Ndamira","DTR > 8"
7,30.15337446,-2.08911693,1,6,15,16,6,72.18,185.09,219.27,72.18,678.94,8.89717948717949,29.37,21.19,17.19,13.78,9,0,0,0,6,2,14.877,27.782,"Cruza, Seka, Ndamira","DTR > 8"
7,30.2367078,-2.08911693,1,6,15,16,6,72.18,185.09,219.27,72.18,678.94,8.89717948717949,29.37,21.19,17.19,13.78,9,0,0,0,6,2,14.877,27.782,"Cruza, Seka, Ndamira","DTR > 8"
7,30.32004114,-2.08911693,1,6,15,16,6,72.18,185.09,219.27,72.18,678.94,8.89717948717949,29.37,21.19,17.19,13.78,9,0,0,0,6,2,14.877,27.782,"Cruza, Seka, Ndamira","DTR > 8"
7,30.40337448,-2.08911693,1,6,15,16,6,72.18,185.09,219.27,72.18,678.94,8.89717948717949,29.37,21.19,17.19,13.78,9,0,0,0,6,2,14.877,27.782,"Cruza, Seka, Ndamira","DTR > 8"
7,30.48670782,-2.08911693,1,6,15,16,6,72.18,185.09,219.27,72.18,678.94,8.89717948717949,29.37,21.19,17.19,13.78,9,0,0,0,6,2,14.877,27.782,"Cruza, Seka, Ndamira","DTR > 8"
7,30.57004116,-2.08911693,1,6,13,16,5,40.87,106.32,156.77,40.87,594.51,7.70063291139241,30.09,21.26,17.81,14.02,9,1,0,0,6,2,15.16,28.398,"Cruza, Seka, Ndamira","DTR > 8"
7,30.6533745,-2.08911693,1,6,13,16,5,40.87,106.32,156.77,40.87,594.51,7.70063291139241,30.09,21.26,17.81,14.02,9,1,0,0,6,2,15.16,28.398,"Cruza, Seka, Ndamira","DTR > 8"
7,30.07004112,-2.25578361,1,6,15,16,6,72.18,185.09,219.27,72.18,678.94,8.89717948717949,29.37,21.19,17.19,13.78,9,0,0,0,6,2,14.877,27.782,"Cruza, Seka, Ndamira","DTR > 8"
7,30.82004118,-2.08911693,1,6,13,16,5,40.87,106.32,156.77,40.87,594.51,7.70063291139241,30.09,21.26,17.81,14.02,9,1,0,0,6,2,15.16,28.398,"Cruza, Seka, Ndamira","DTR > 8"
7,30.2367078,-2.25578361,1,6,15,16,6,72.18,185.09,219.27,72.18,678.94,8.89717948717949,29.37,21.19,17.19,13.78,9,0,0,0,6,2,14.877,27.782,"Cruza, Seka, Ndamira","DTR > 8"
7,30.32004114,-2.25578361,1,6,15,16,6,72.18,185.09,219.27,72.18,678.94,8.89717948717949,29.37,21.19,17.19,13.78,9,0,0,0,6,2,14.877,27.782,"Cruza, Seka, Ndamira","DTR > 8"
7,30.40337448,-1.83911691,1,4,32,8,6,52.02,128.53,169.3,52.02,582.16,6.87186046511628,27.99,20.75,16.32,13.45,9,0,0,0,6,3,14.158,26.317,"Cruza, Seka, Ndamira","DTR > 8"
7,30.48670782,-1.83911691,1,4,32,8,6,52.02,128.53,169.3,52.02,582.16,6.87186046511628,27.99,20.75,16.32,13.45,9,0,0,0,6,3,14.158,26.317,"Cruza, Seka, Ndamira","DTR > 8"
7,30.57004116,-1.83911691,1,4,32,6,3,35.86,58.02,120.46,35.86,455.41,5.53738095238095,29.76,21.78,17.52,14.24,9,0,0,0,6,4,15.142,27.9,"Cruza, Seka, Ndamira","DTR > 8"
7,30.6533745,-1.83911691,1,4,32,6,3,35.86,58.02,120.46,35.86,455.41,5.53738095238095,29.76,21.78,17.52,14.24,9,0,0,0,6,4,15.142,27.9,"Cruza, Seka, Ndamira","DTR > 8"
7,30.73670784,-2.25578361,1,6,13,16,5,40.87,106.32,156.77,40.87,594.51,7.70063291139241,30.09,21.26,17.81,14.02,9,1,0,0,6,2,15.16,28.398,"Cruza, Seka, Ndamira","DTR > 8"
7,30.82004118,-2.25578361,1,6,13,16,5,40.87,106.32,156.77,40.87,594.51,7.70063291139241,30.09,21.26,17.81,14.02,9,1,0,0,6,2,15.16,28.398,"Cruza, Seka, Ndamira","DTR > 8"
7,29.65337442,-2.58911697,1,6,32,16,10,185.16,525.46,653.5,185.16,1270.8,15.6175609756098,28.91,20.4,17.13,14.09,9,0,0,0,5,1,14.566,27.641,"Cruza, Seka, Ndamira","DTR > 8"
7,30.32004114,-2.42245029,1,6,15,16,6,72.18,185.09,219.27,72.18,678.94,8.89717948717949,29.37,21.19,17.19,13.78,9,0,0,0,6,2,14.877,27.782,"Cruza, Seka, Ndamira","DTR > 8"
7,30.40337448,-2.42245029,1,6,15,16,6,72.18,185.09,219.27,72.18,678.94,8.89717948717949,29.37,21.19,17.19,13.78,9,0,0,0,6,2,14.877,27.782,"Cruza, Seka, Ndamira","DTR > 8"
7,30.48670782,-2.42245029,1,6,15,16,6,72.18,185.09,219.27,72.18,678.94,8.89717948717949,29.37,21.19,17.19,13.78,9,0,0,0,6,2,14.877,27.782,"Cruza, Seka, Ndamira","DTR > 8"
7,30.57004116,-2.42245029,1,6,13,16,5,40.87,106.32,156.77,40.87,594.51,7.70063291139241,30.09,21.26,17.81,14.02,9,1,0,0,6,2,15.16,28.398,"Cruza, Seka, Ndamira","DTR > 8"
7,30.6533745,-2.42245029,1,6,13,16,5,40.87,106.32,156.77,40.87,594.51,7.70063291139241,30.09,21.26,17.81,14.02,9,1,0,0,6,2,15.16,28.398,"Cruza, Seka, Ndamira","DTR > 8"
7,30.73670784,-2.42245029,1,6,13,16,5,40.87,106.32,156.77,40.87,594.51,7.70063291139241,30.09,21.26,17.81,14.02,9,1,0,0,6,2,15.16,28.398,"Cruza, Seka, Ndamira","DTR > 8"
7,30.15337446,-2.17245027,1,6,15,16,6,72.18,185.09,219.27,72.18,678.94,8.89717948717949,29.37,21.19,17.19,13.78,9,0,0,0,6,2,14.877,27.782,"Cruza, Seka, Ndamira","DTR > 8"
7,30.2367078,-2.58911697,1,6,23,18,8,145.17,375.79,473.88,145.17,1036.17,13.4312820512821,29.46,20.96,17.59,13.86,9,0,0,0,5,1,14.592,27.985,"Cruza, Seka, Ndamira","DTR > 8"
7,29.73670776,-2.75578365,1,6,32,16,10,185.16,525.46,653.5,185.16,1270.8,15.6175609756098,28.91,20.4,17.13,14.09,9,0,0,0,5,1,14.566,27.641,"Cruza, Seka, Ndamira","DTR > 8"
7,30.40337448,-2.17245027,1,6,15,16,6,72.18,185.09,219.27,72.18,678.94,8.89717948717949,29.37,21.19,17.19,13.78,9,0,0,0,6,2,14.877,27.782,"Cruza, Seka, Ndamira","DTR > 8"
7,30.48670782,-2.17245027,1,6,15,16,6,72.18,185.09,219.27,72.18,678.94,8.89717948717949,29.37,21.19,17.19,13.78,9,0,0,0,6,2,14.877,27.782,"Cruza, Seka, Ndamira","DTR > 8"
7,30.57004116,-2.17245027,1,6,13,16,5,40.87,106.32,156.77,40.87,594.51,7.70063291139241,30.09,21.26,17.81,14.02,9,1,0,0,6,2,15.16,28.398,"Cruza, Seka, Ndamira","DTR > 8"
7,30.6533745,-2.17245027,1,6,13,16,5,40.87,106.32,156.77,40.87,594.51,7.70063291139241,30.09,21.26,17.81,14.02,9,1,0,0,6,2,15.16,28.398,"Cruza, Seka, Ndamira","DTR > 8"
7,30.07004112,-2.33911695,1,6,15,16,6,72.18,185.09,219.27,72.18,678.94,8.89717948717949,29.37,21.19,17.19,13.78,9,0,0,0,6,2,14.877,27.782,"Cruza, Seka, Ndamira","DTR > 8"
7,30.15337446,-2.33911695,1,6,15,16,6,72.18,185.09,219.27,72.18,678.94,8.89717948717949,29.37,21.19,17.19,13.78,9,0,0,0,6,2,14.877,27.782,"Cruza, Seka, Ndamira","DTR > 8"
7,30.2367078,-2.33911695,1,6,15,16,6,72.18,185.09,219.27,72.18,678.94,8.89717948717949,29.37,21.19,17.19,13.78,9,0,0,0,6,2,14.877,27.782,"Cruza, Seka, Ndamira","DTR > 8"
7,30.32004114,-2.33911695,1,6,15,16,6,72.18,185.09,219.27,72.18,678.94,8.89717948717949,29.37,21.19,17.19,13.78,9,0,0,0,6,2,14.877,27.782,"Cruza, Seka, Ndamira","DTR > 8"
7,30.40337448,-2.33911695,1,6,15,16,6,72.18,185.09,219.27,72.18,678.94,8.89717948717949,29.37,21.19,17.19,13.78,9,0,0,0,6,2,14.877,27.782,"Cruza, Seka, Ndamira","DTR > 8"
7,30.48670782,-2.33911695,1,6,15,16,6,72.18,185.09,219.27,72.18,678.94,8.89717948717949,29.37,21.19,17.19,13.78,9,0,0,0,6,2,14.877,27.782,"Cruza, Seka, Ndamira","DTR > 8"
7,30.57004116,-2.33911695,1,6,13,16,5,40.87,106.32,156.77,40.87,594.51,7.70063291139241,30.09,21.26,17.81,14.02,9,1,0,0,6,2,15.16,28.398,"Cruza, Seka, Ndamira","DTR > 8"
7,30.6533745,-2.33911695,1,6,13,16,5,40.87,106.32,156.77,40.87,594.51,7.70063291139241,30.09,21.26,17.81,14.02,9,1,0,0,6,2,15.16,28.398,"Cruza, Seka, Ndamira","DTR > 8"
7,30.73670784,-2.33911695,1,6,13,16,5,40.87,106.32,156.77,40.87,594.51,7.70063291139241,30.09,21.26,17.81,14.02,9,1,0,0,6,2,15.16,28.398,"Cruza, Seka, Ndamira","DTR > 8"
7,30.82004118,-2.33911695,1,6,13,16,5,40.87,106.32,156.77,40.87,594.51,7.70063291139241,30.09,21.26,17.81,14.02,9,1,0,0,6,2,15.16,28.398,"Cruza, Seka, Ndamira","DTR > 8"
7,29.65337442,-2.67245031,1,6,32,16,10,185.16,525.46,653.5,185.16,1270.8,15.6175609756098,28.91,20.4,17.13,14.09,9,0,0,0,5,1,14.566,27.641,"Cruza, Seka, Ndamira","DTR > 8"
7,30.32004114,-2.50578363,1,6,23,18,8,145.17,375.79,473.88,145.17,1036.17,13.4312820512821,29.46,20.96,17.59,13.86,9,0,0,0,5,1,14.592,27.985,"Cruza, Seka, Ndamira","DTR > 8"
7,30.40337448,-2.50578363,1,6,23,18,8,145.17,375.79,473.88,145.17,1036.17,13.4312820512821,29.46,20.96,17.59,13.86,9,0,0,0,5,1,14.592,27.985,"Cruza, Seka, Ndamira","DTR > 8"
7,30.48670782,-2.50578363,1,6,23,18,8,145.17,375.79,473.88,145.17,1036.17,13.4312820512821,29.46,20.96,17.59,13.86,9,0,0,0,5,1,14.592,27.985,"Cruza, Seka, Ndamira","DTR > 8"
7,30.57004116,-2.50578363,1,6,23,20,7,99.07,258.37,343.45,99.07,877.52,11.5583116883117,30.4,21.14,18.53,14.05,10,2,0,0,6,2,14.779,28.8,"Cruza, Seka, Ndamira","DTR > 8"
7,30.6533745,-2.50578363,1,6,23,20,7,99.07,258.37,343.45,99.07,877.52,11.5583116883117,30.4,21.14,18.53,14.05,10,2,0,0,6,2,14.779,28.8,"Cruza, Seka, Ndamira","DTR > 8"
7,30.73670784,-2.50578363,1,6,23,20,7,99.07,258.37,343.45,99.07,877.52,11.5583116883117,30.4,21.14,18.53,14.05,10,2,0,0,6,2,14.779,28.8,"Cruza, Seka, Ndamira","DTR > 8"
7,30.15337446,-2.25578361,1,6,15,16,6,72.18,185.09,219.27,72.18,678.94,8.89717948717949,29.37,21.19,17.19,13.78,9,0,0,0,6,2,14.877,27.782,"Cruza, Seka, Ndamira","DTR > 8"
7,30.2367078,-2.67245031,1,6,23,18,8,145.17,375.79,473.88,145.17,1036.17,13.4312820512821,29.46,20.96,17.59,13.86,9,0,0,0,5,1,14.592,27.985,"Cruza, Seka, Ndamira","DTR > 8"
7,29.73670776,-2.83911699,1,6,32,16,10,185.16,525.46,653.5,185.16,1270.8,15.6175609756098,28.91,20.4,17.13,14.09,9,0,0,0,5,1,14.566,27.641,"Cruza, Seka, Ndamira","DTR > 8"
7,30.40337448,-2.25578361,1,6,15,16,6,72.18,185.09,219.27,72.18,678.94,8.89717948717949,29.37,21.19,17.19,13.78,9,0,0,0,6,2,14.877,27.782,"Cruza, Seka, Ndamira","DTR > 8"
7,30.48670782,-2.25578361,1,6,15,16,6,72.18,185.09,219.27,72.18,678.94,8.89717948717949,29.37,21.19,17.19,13.78,9,0,0,0,6,2,14.877,27.782,"Cruza, Seka, Ndamira","DTR > 8"
7,30.57004116,-2.25578361,1,6,13,16,5,40.87,106.32,156.77,40.87,594.51,7.70063291139241,30.09,21.26,17.81,14.02,9,1,0,0,6,2,15.16,28.398,"Cruza, Seka, Ndamira","DTR > 8"
7,30.6533745,-2.25578361,1,6,13,16,5,40.87,106.32,156.77,40.87,594.51,7.70063291139241,30.09,21.26,17.81,14.02,9,1,0,0,6,2,15.16,28.398,"Cruza, Seka, Ndamira","DTR > 8"
7,30.07004112,-2.42245029,1,6,15,16,6,72.18,185.09,219.27,72.18,678.94,8.89717948717949,29.37,21.19,17.19,13.78,9,0,0,0,6,2,14.877,27.782,"Cruza, Seka, Ndamira","DTR > 8"
7,30.15337446,-2.42245029,1,6,15,16,6,72.18,185.09,219.27,72.18,678.94,8.89717948717949,29.37,21.19,17.19,13.78,9,0,0,0,6,2,14.877,27.782,"Cruza, Seka, Ndamira","DTR > 8"
7,30.2367078,-2.42245029,1,6,15,16,6,72.18,185.09,219.27,72.18,678.94,8.89717948717949,29.37,21.19,17.19,13.78,9,0,0,0,6,2,14.877,27.782,"Cruza, Seka, Ndamira","DTR > 8"
7,30.32004114,-2.83911699,1,6,23,18,8,145.17,375.79,473.88,145.17,1036.17,13.4312820512821,29.46,20.96,17.59,13.86,9,0,0,0,5,1,14.592,27.985,"Cruza, Seka, Ndamira","DTR > 8"
7,29.73670776,-2.58911697,1,6,32,16,10,185.16,525.46,653.5,185.16,1270.8,15.6175609756098,28.91,20.4,17.13,14.09,9,0,0,0,5,1,14.566,27.641,"Cruza, Seka, Ndamira","DTR > 8"
7,29.8200411,-2.58911697,1,6,32,16,10,185.16,525.46,653.5,185.16,1270.8,15.6175609756098,28.91,20.4,17.13,14.09,9,0,0,0,5,1,14.566,27.641,"Cruza, Seka, Ndamira","DTR > 8"
7,29.90337444,-2.58911697,1,6,32,16,10,185.16,525.46,653.5,185.16,1270.8,15.6175609756098,28.91,20.4,17.13,14.09,9,0,0,0,5,1,14.566,27.641,"Cruza, Seka, Ndamira","DTR > 8"
7,29.98670778,-2.58911697,1,6,32,16,10,185.16,525.46,653.5,185.16,1270.8,15.6175609756098,28.91,20.4,17.13,14.09,9,0,0,0,5,1,14.566,27.641,"Cruza, Seka, Ndamira","DTR > 8"
7,30.07004112,-2.58911697,1,6,23,18,8,145.17,375.79,473.88,145.17,1036.17,13.4312820512821,29.46,20.96,17.59,13.86,9,0,0,0,5,1,14.592,27.985,"Cruza, Seka, Ndamira","DTR > 8"
7,30.82004118,-2.42245029,1,6,13,16,5,40.87,106.32,156.77,40.87,594.51,7.70063291139241,30.09,21.26,17.81,14.02,9,1,0,0,6,2,15.16,28.398,"Cruza, Seka, Ndamira","DTR > 8"
7,29.98670778,-2.50578363,1,6,32,16,10,185.16,525.46,653.5,185.16,1270.8,15.6175609756098,28.91,20.4,17.13,14.09,9,0,0,0,5,1,14.566,27.641,"Cruza, Seka, Ndamira","DTR > 8"
7,30.32004114,-2.58911697,1,6,23,18,8,145.17,375.79,473.88,145.17,1036.17,13.4312820512821,29.46,20.96,17.59,13.86,9,0,0,0,5,1,14.592,27.985,"Cruza, Seka, Ndamira","DTR > 8"
7,30.40337448,-2.58911697,1,6,23,18,8,145.17,375.79,473.88,145.17,1036.17,13.4312820512821,29.46,20.96,17.59,13.86,9,0,0,0,5,1,14.592,27.985,"Cruza, Seka, Ndamira","DTR > 8"
7,30.48670782,-2.58911697,1,6,23,18,8,145.17,375.79,473.88,145.17,1036.17,13.4312820512821,29.46,20.96,17.59,13.86,9,0,0,0,5,1,14.592,27.985,"Cruza, Seka, Ndamira","DTR > 8"
7,30.57004116,-2.58911697,1,6,23,20,7,99.07,258.37,343.45,99.07,877.52,11.5583116883117,30.4,21.14,18.53,14.05,10,2,0,0,6,2,14.779,28.8,"Cruza, Seka, Ndamira","DTR > 8"
7,30.6533745,-2.58911697,1,6,23,20,7,99.07,258.37,343.45,99.07,877.52,11.5583116883117,30.4,21.14,18.53,14.05,10,2,0,0,6,2,14.779,28.8,"Cruza, Seka, Ndamira","DTR > 8"
7,30.73670784,-2.58911697,1,6,23,20,7,99.07,258.37,343.45,99.07,877.52,11.5583116883117,30.4,21.14,18.53,14.05,10,2,0,0,6,2,14.779,28.8,"Cruza, Seka, Ndamira","DTR > 8"
7,30.82004118,-2.58911697,1,6,23,20,7,99.07,258.37,343.45,99.07,877.52,11.5583116883117,30.4,21.14,18.53,14.05,10,2,0,0,6,2,14.779,28.8,"Cruza, Seka, Ndamira","DTR > 8"
7,30.2367078,-2.75578365,1,6,23,18,8,145.17,375.79,473.88,145.17,1036.17,13.4312820512821,29.46,20.96,17.59,13.86,9,0,0,0,5,1,14.592,27.985,"Cruza, Seka, Ndamira","DTR > 8"
7,30.32004114,-2.75578365,1,6,23,18,8,145.17,375.79,473.88,145.17,1036.17,13.4312820512821,29.46,20.96,17.59,13.86,9,0,0,0,5,1,14.592,27.985,"Cruza, Seka, Ndamira","DTR > 8"
7,29.73670776,-2.50578363,1,6,32,16,10,185.16,525.46,653.5,185.16,1270.8,15.6175609756098,28.91,20.4,17.13,14.09,9,0,0,0,5,1,14.566,27.641,"Cruza, Seka, Ndamira","DTR > 8"
7,29.8200411,-2.50578363,1,6,32,16,10,185.16,525.46,653.5,185.16,1270.8,15.6175609756098,28.91,20.4,17.13,14.09,9,0,0,0,5,1,14.566,27.641,"Cruza, Seka, Ndamira","DTR > 8"
7,29.90337444,-2.50578363,1,6,32,16,10,185.16,525.46,653.5,185.16,1270.8,15.6175609756098,28.91,20.4,17.13,14.09,9,0,0,0,5,1,14.566,27.641,"Cruza, Seka, Ndamira","DTR > 8"
7,30.40337448,-2.67245031,1,6,23,18,8,145.17,375.79,473.88,145.17,1036.17,13.4312820512821,29.46,20.96,17.59,13.86,9,0,0,0,5,1,14.592,27.985,"Cruza, Seka, Ndamira","DTR > 8"
7,30.07004112,-2.50578363,1,6,23,18,8,145.17,375.79,473.88,145.17,1036.17,13.4312820512821,29.46,20.96,17.59,13.86,9,0,0,0,5,1,14.592,27.985,"Cruza, Seka, Ndamira","DTR > 8"
7,30.15337446,-2.50578363,1,6,23,18,8,145.17,375.79,473.88,145.17,1036.17,13.4312820512821,29.46,20.96,17.59,13.86,9,0,0,0,5,1,14.592,27.985,"Cruza, Seka, Ndamira","DTR > 8"
7,30.2367078,-2.50578363,1,6,23,18,8,145.17,375.79,473.88,145.17,1036.17,13.4312820512821,29.46,20.96,17.59,13.86,9,0,0,0,5,1,14.592,27.985,"Cruza, Seka, Ndamira","DTR > 8"
7,30.73670784,-2.67245031,1,6,23,20,7,99.07,258.37,343.45,99.07,877.52,11.5583116883117,30.4,21.14,18.53,14.05,10,2,0,0,6,2,14.779,28.8,"Cruza, Seka, Ndamira","DTR > 8"
7,29.73670776,-2.67245031,1,6,32,16,10,185.16,525.46,653.5,185.16,1270.8,15.6175609756098,28.91,20.4,17.13,14.09,9,0,0,0,5,1,14.566,27.641,"Cruza, Seka, Ndamira","DTR > 8"
7,29.8200411,-2.67245031,1,6,32,16,10,185.16,525.46,653.5,185.16,1270.8,15.6175609756098,28.91,20.4,17.13,14.09,9,0,0,0,5,1,14.566,27.641,"Cruza, Seka, Ndamira","DTR > 8"
7,29.90337444,-2.67245031,1,6,32,16,10,185.16,525.46,653.5,185.16,1270.8,15.6175609756098,28.91,20.4,17.13,14.09,9,0,0,0,5,1,14.566,27.641,"Cruza, Seka, Ndamira","DTR > 8"
7,29.98670778,-2.67245031,1,6,32,16,10,185.16,525.46,653.5,185.16,1270.8,15.6175609756098,28.91,20.4,17.13,14.09,9,0,0,0,5,1,14.566,27.641,"Cruza, Seka, Ndamira","DTR > 8"
7,30.07004112,-2.67245031,1,6,23,18,8,145.17,375.79,473.88,145.17,1036.17,13.4312820512821,29.46,20.96,17.59,13.86,9,0,0,0,5,1,14.592,27.985,"Cruza, Seka, Ndamira","DTR > 8"
7,30.82004118,-2.50578363,1,6,23,20,7,99.07,258.37,343.45,99.07,877.52,11.5583116883117,30.4,21.14,18.53,14.05,10,2,0,0,6,2,14.779,28.8,"Cruza, Seka, Ndamira","DTR > 8"
7,30.6533745,-2.83911699,1,6,23,20,7,99.07,258.37,343.45,99.07,877.52,11.5583116883117,30.4,21.14,18.53,14.05,10,2,0,0,6,2,14.779,28.8,"Cruza, Seka, Ndamira","DTR > 8"
7,30.32004114,-2.67245031,1,6,23,18,8,145.17,375.79,473.88,145.17,1036.17,13.4312820512821,29.46,20.96,17.59,13.86,9,0,0,0,5,1,14.592,27.985,"Cruza, Seka, Ndamira","DTR > 8"
7,30.15337446,-2.58911697,1,6,23,18,8,145.17,375.79,473.88,145.17,1036.17,13.4312820512821,29.46,20.96,17.59,13.86,9,0,0,0,5,1,14.592,27.985,"Cruza, Seka, Ndamira","DTR > 8"
7,30.48670782,-2.67245031,1,6,23,18,8,145.17,375.79,473.88,145.17,1036.17,13.4312820512821,29.46,20.96,17.59,13.86,9,0,0,0,5,1,14.592,27.985,"Cruza, Seka, Ndamira","DTR > 8"
7,30.57004116,-2.67245031,1,6,23,20,7,99.07,258.37,343.45,99.07,877.52,11.5583116883117,30.4,21.14,18.53,14.05,10,2,0,0,6,2,14.779,28.8,"Cruza, Seka, Ndamira","DTR > 8"
7,30.6533745,-2.67245031,1,6,23,20,7,99.07,258.37,343.45,99.07,877.52,11.5583116883117,30.4,21.14,18.53,14.05,10,2,0,0,6,2,14.779,28.8,"Cruza, Seka, Ndamira","DTR > 8"
7,29.8200411,-2.75578365,1,6,32,16,10,185.16,525.46,653.5,185.16,1270.8,15.6175609756098,28.91,20.4,17.13,14.09,9,0,0,0,5,1,14.566,27.641,"Cruza, Seka, Ndamira","DTR > 8"
7,30.82004118,-2.67245031,1,6,23,20,7,99.07,258.37,343.45,99.07,877.52,11.5583116883117,30.4,21.14,18.53,14.05,10,2,0,0,6,2,14.779,28.8,"Cruza, Seka, Ndamira","DTR > 8"
7,30.2367078,-2.83911699,1,6,23,18,8,145.17,375.79,473.88,145.17,1036.17,13.4312820512821,29.46,20.96,17.59,13.86,9,0,0,0,5,1,14.592,27.985,"Cruza, Seka, Ndamira","DTR > 8"
7,30.07004112,-2.75578365,1,6,23,18,8,145.17,375.79,473.88,145.17,1036.17,13.4312820512821,29.46,20.96,17.59,13.86,9,0,0,0,5,1,14.592,27.985,"Cruza, Seka, Ndamira","DTR > 8"
7,30.40337448,-2.83911699,1,6,23,18,8,145.17,375.79,473.88,145.17,1036.17,13.4312820512821,29.46,20.96,17.59,13.86,9,0,0,0,5,1,14.592,27.985,"Cruza, Seka, Ndamira","DTR > 8"
7,30.48670782,-2.83911699,1,6,23,18,8,145.17,375.79,473.88,145.17,1036.17,13.4312820512821,29.46,20.96,17.59,13.86,9,0,0,0,5,1,14.592,27.985,"Cruza, Seka, Ndamira","DTR > 8"
7,30.57004116,-2.83911699,1,6,23,20,7,99.07,258.37,343.45,99.07,877.52,11.5583116883117,30.4,21.14,18.53,14.05,10,2,0,0,6,2,14.779,28.8,"Cruza, Seka, Ndamira","DTR > 8"
7,30.40337448,-2.75578365,1,6,23,18,8,145.17,375.79,473.88,145.17,1036.17,13.4312820512821,29.46,20.96,17.59,13.86,9,0,0,0,5,1,14.592,27.985,"Cruza, Seka, Ndamira","DTR > 8"
7,30.73670784,-2.83911699,1,6,23,20,7,99.07,258.37,343.45,99.07,877.52,11.5583116883117,30.4,21.14,18.53,14.05,10,2,0,0,6,2,14.779,28.8,"Cruza, Seka, Ndamira","DTR > 8"
7,30.57004116,-2.75578365,1,6,23,20,7,99.07,258.37,343.45,99.07,877.52,11.5583116883117,30.4,21.14,18.53,14.05,10,2,0,0,6,2,14.779,28.8,"Cruza, Seka, Ndamira","DTR > 8"
7,30.6533745,-2.75578365,1,6,23,20,7,99.07,258.37,343.45,99.07,877.52,11.5583116883117,30.4,21.14,18.53,14.05,10,2,0,0,6,2,14.779,28.8,"Cruza, Seka, Ndamira","DTR > 8"
7,30.73670784,-2.75578365,1,6,23,20,7,99.07,258.37,343.45,99.07,877.52,11.5583116883117,30.4,21.14,18.53,14.05,10,2,0,0,6,2,14.779,28.8,"Cruza, Seka, Ndamira","DTR > 8"
7,30.82004118,-2.75578365,1,6,23,20,7,99.07,258.37,343.45,99.07,877.52,11.5583116883117,30.4,21.14,18.53,14.05,10,2,0,0,6,2,14.779,28.8,"Cruza, Seka, Ndamira","DTR > 8"
7,29.98670778,-2.83911699,1,6,32,16,10,185.16,525.46,653.5,185.16,1270.8,15.6175609756098,28.91,20.4,17.13,14.09,9,0,0,0,5,1,14.566,27.641,"Cruza, Seka, Ndamira","DTR > 8"
7,29.90337444,-2.75578365,1,6,32,16,10,185.16,525.46,653.5,185.16,1270.8,15.6175609756098,28.91,20.4,17.13,14.09,9,0,0,0,5,1,14.566,27.641,"Cruza, Seka, Ndamira","DTR > 8"
7,29.98670778,-2.75578365,1,6,32,16,10,185.16,525.46,653.5,185.16,1270.8,15.6175609756098,28.91,20.4,17.13,14.09,9,0,0,0,5,1,14.566,27.641,"Cruza, Seka, Ndamira","DTR > 8"
7,30.15337446,-2.67245031,1,6,23,18,8,145.17,375.79,473.88,145.17,1036.17,13.4312820512821,29.46,20.96,17.59,13.86,9,0,0,0,5,1,14.592,27.985,"Cruza, Seka, Ndamira","DTR > 8"
7,30.15337446,-2.75578365,1,6,23,18,8,145.17,375.79,473.88,145.17,1036.17,13.4312820512821,29.46,20.96,17.59,13.86,9,0,0,0,5,1,14.592,27.985,"Cruza, Seka, Ndamira","DTR > 8"
7,30.82004118,-2.83911699,1,6,23,20,7,99.07,258.37,343.45,99.07,877.52,11.5583116883117,30.4,21.14,18.53,14.05,10,2,0,0,6,2,14.779,28.8,"Cruza, Seka, Ndamira","DTR > 8"
7,29.8200411,-2.83911699,1,6,32,16,10,185.16,525.46,653.5,185.16,1270.8,15.6175609756098,28.91,20.4,17.13,14.09,9,0,0,0,5,1,14.566,27.641,"Cruza, Seka, Ndamira","DTR > 8"
7,30.48670782,-2.75578365,1,6,23,18,8,145.17,375.79,473.88,145.17,1036.17,13.4312820512821,29.46,20.96,17.59,13.86,9,0,0,0,5,1,14.592,27.985,"Cruza, Seka, Ndamira","DTR > 8"
7,30.07004112,-2.83911699,1,6,23,18,8,145.17,375.79,473.88,145.17,1036.17,13.4312820512821,29.46,20.96,17.59,13.86,9,0,0,0,5,1,14.592,27.985,"Cruza, Seka, Ndamira","DTR > 8"
7,30.15337446,-2.83911699,1,6,23,18,8,145.17,375.79,473.88,145.17,1036.17,13.4312820512821,29.46,20.96,17.59,13.86,9,0,0,0,5,1,14.592,27.985,"Cruza, Seka, Ndamira","DTR > 8"
7,29.90337444,-2.83911699,1,6,32,16,10,185.16,525.46,653.5,185.16,1270.8,15.6175609756098,28.91,20.4,17.13,14.09,9,0,0,0,5,1,14.566,27.641,"Cruza, Seka, Ndamira","DTR > 8"
